customer_id,customer_name,email,registration_date,customer_type
1,Amit Singh,amit.singh1@outlook.com,2023-01-16,REGULAR
2,Nisha Singh,nisha.singh2@gmail.com,2024-07-06,REGULAR
3,Aarav Gupta,aarav.gupta3@gmail.com,2024-05-21,REGULAR
4,Amit Joshi,amit.joshi4@outlook.com,2025-06-11,PREMIUM
5,Sai Joshi,sai.joshi5@yahoo.com,2022-12-01,VIP
6,Ishaan Singh,ishaan.singh6@gmail.com,2023-07-12,PREMIUM
7,Pooja Iyer,pooja.iyer7@hotmail.com,2024-04-13,REGULAR
8,Priya Gupta,priya.gupta8@outlook.com,2024-06-15,REGULAR
9,Aditya Verma,aditya.verma9@outlook.com,2022-05-04,PREMIUM
10,Vihaan Rao,vihaan.rao10@outlook.com,2022-09-10,REGULAR
11,Reyansh Iyer,reyansh.iyer11@gmail.com,2024-08-04,PREMIUM
12,Karan Nair,karan.nair12@hotmail.com,2023-02-24,VIP
13,Amit Nair,amit.nair13@gmail.com,2022-12-22,PREMIUM
14,Ishaan Rao,ishaan.rao14@yahoo.com,2025-11-19,VIP
15,Rahul Chopra,rahul.chopra15@hotmail.com,2023-09-07,PREMIUM
16,Amit Desai,amit.desai16@yahoo.com,2023-01-19,PREMIUM
17,Karan Iyer,karan.iyer17@hotmail.com,2025-10-26,REGULAR
18,Kabir Nair,kabir.nair18@yahoo.com,2024-03-02,REGULAR
19,Vivaan Singh,vivaan.singh19@yahoo.com,2025-05-15,PREMIUM
20,Pooja Gupta,pooja.gupta20@hotmail.com,2024-04-01,REGULAR
21,Karan Sharma,karan.sharma21@gmail.com,2024-11-25,PREMIUM
22,Ananya Chopra,ananya.chopra22@hotmail.com,2022-09-03,REGULAR
23,Nisha Iyer,nisha.iyer23@yahoo.com,2024-02-28,VIP
24,Amit Menon,amit.menon24@yahoo.com,2022-08-26,REGULAR
25,Sai Sharma,sai.sharma25@hotmail.com,2022-01-31,REGULAR
26,Kabir Menon,kabir.menon26@yahoo.com,2025-09-25,REGULAR
27,Aditya Gupta,aditya.gupta27@gmail.com,2025-03-27,REGULAR
28,Arjun Kumar,arjun.kumar28@yahoo.com,2023-02-16,REGULAR
29,Pooja Joshi,pooja.joshi29@yahoo.com,2025-01-12,REGULAR
30,Sneha Malhotra,sneha.malhotra30@hotmail.com,2022-07-07,REGULAR
31,Aditya Chopra,aditya.chopra31@yahoo.com,2024-07-03,REGULAR
32,Aditya Verma,aditya.verma32@gmail.com,2025-08-28,REGULAR
33,Rohan Nair,rohan.nair33@hotmail.com,2022-11-29,REGULAR
34,Nisha Kapoor,nisha.kapoor34@hotmail.com,2025-06-08,REGULAR
35,Vihaan Singh,vihaan.singh35@outlook.com,2023-10-21,REGULAR
36,Nisha Verma,nisha.verma36@gmail.com,2022-04-05,REGULAR
37,Ishaan Singh,ishaan.singh37@yahoo.com,2024-04-13,REGULAR
38,Riya Patel,riya.patel38@yahoo.com,2025-09-20,VIP
39,Saanvi Singh,saanvi.singh39@gmail.com,2022-05-25,VIP
40,Ayaan Patel,ayaan.patel40@hotmail.com,2022-11-29,PREMIUM
41,Vivaan Patel,vivaan.patel41@hotmail.com,2023-02-16,VIP
42,Saanvi Menon,saanvi.menon42@hotmail.com,2022-08-29,REGULAR
43,Reyansh Verma,reyansh.verma43@gmail.com,2025-03-07,REGULAR
44,Vivaan Kapoor,vivaan.kapoor44@yahoo.com,2022-03-30,VIP
45,Aditya Patel,aditya.patel45@gmail.com,2024-11-14,PREMIUM
46,Priya Singh,priya.singh46@yahoo.com,2024-06-18,REGULAR
47,Pooja Gupta,pooja.gupta47@outlook.com,2025-12-23,REGULAR
48,Sneha Chopra,sneha.chopra48@hotmail.com,2022-07-23,PREMIUM
49,Diya Desai,diya.desai49@gmail.com,2022-01-15,REGULAR
50,Neha Singh,neha.singh50@yahoo.com,2024-02-25,REGULAR
51,Kabir Gupta,kabir.gupta51@outlook.com,2023-03-19,REGULAR
52,Karan Menon,karan.menon52@gmail.com,2024-11-03,PREMIUM
53,Diya Singh,diya.singh53@yahoo.com,2023-02-15,REGULAR
54,Vihaan Kumar,vihaan.kumar54@yahoo.com,2025-01-19,REGULAR
55,Sneha Iyer,sneha.iyer55@outlook.com,2025-11-07,VIP
56,Vivaan Gupta,vivaan.gupta56@outlook.com,2022-03-10,REGULAR
57,Arjun Iyer,arjun.iyer57@hotmail.com,2024-05-07,PREMIUM
58,Karan Sharma,karan.sharma58@yahoo.com,2024-04-27,REGULAR
59,Kabir Kumar,kabir.kumar59@gmail.com,2023-04-24,REGULAR
60,Vivaan Malhotra,vivaan.malhotra60@yahoo.com,2024-11-02,REGULAR
61,Karan Joshi,karan.joshi61@yahoo.com,2025-12-09,VIP
62,Sai Patel,sai.patel62@gmail.com,2022-10-06,PREMIUM
63,Ishaan Joshi,ishaan.joshi63@yahoo.com,2023-02-19,REGULAR
64,Rahul Singh,rahul.singh64@gmail.com,2025-08-26,REGULAR
65,Reyansh Desai,reyansh.desai65@yahoo.com,2022-12-13,REGULAR
66,Reyansh Rao,reyansh.rao66@gmail.com,2025-04-16,REGULAR
67,Amit Rao,amit.rao67@outlook.com,2025-12-30,REGULAR
68,Ananya Patel,ananya.patel68@outlook.com,2022-03-01,REGULAR
69,Riya Malhotra,riya.malhotra69@outlook.com,2023-11-09,PREMIUM
70,Rohan Singh,rohan.singh70@yahoo.com,2023-01-31,REGULAR
71,Riya Sharma,riya.sharma71@yahoo.com,2023-07-20,REGULAR
72,Sneha Chopra,sneha.chopra72@gmail.com,2025-01-23,VIP
73,Rohan Menon,rohan.menon73@outlook.com,2023-09-18,PREMIUM
74,Karan Kumar,karan.kumar74@hotmail.com,2024-11-18,PREMIUM
75,Sai Menon,sai.menon75@gmail.com,2023-04-18,REGULAR
76,Riya Chopra,riya.chopra76@hotmail.com,2024-11-15,REGULAR
77,Anaya Patel,anaya.patel77@outlook.com,2024-03-11,PREMIUM
78,Pooja Chopra,pooja.chopra78@yahoo.com,2024-11-11,REGULAR
79,Reyansh Kumar,reyansh.kumar79@yahoo.com,2024-01-09,PREMIUM
80,Aditya Desai,aditya.desai80@yahoo.com,2025-01-20,PREMIUM
81,Anaya Rao,anaya.rao81@gmail.com,2025-10-18,PREMIUM
82,Vihaan Joshi,vihaan.joshi82@hotmail.com,2022-03-20,REGULAR
83,Vihaan Desai,vihaan.desai83@hotmail.com,2024-11-03,REGULAR
84,Karan Chopra,karan.chopra84@hotmail.com,2024-08-09,PREMIUM
85,Rohan Joshi,rohan.joshi85@hotmail.com,2025-10-25,REGULAR
86,Anaya Desai,anaya.desai86@yahoo.com,2025-07-28,PREMIUM
87,Rohan Kapoor,rohan.kapoor87@outlook.com,2023-11-15,REGULAR
88,Diya Nair,diya.nair88@outlook.com,2025-10-19,REGULAR
89,Arjun Kumar,arjun.kumar89@yahoo.com,2025-01-02,REGULAR
90,Riya Joshi,riya.joshi90@hotmail.com,2023-10-08,REGULAR
91,Riya Rao,riya.rao91@gmail.com,2025-08-23,PREMIUM
92,Neha Rao,neha.rao92@outlook.com,2023-04-09,PREMIUM
93,Riya Nair,riya.nair93@outlook.com,2023-11-09,REGULAR
94,Priya Chopra,priya.chopra94@hotmail.com,2025-01-29,REGULAR
95,Saanvi Kumar,saanvi.kumar95@gmail.com,2025-11-09,REGULAR
96,Neha Sharma,neha.sharma96@hotmail.com,2022-07-30,PREMIUM
97,Sai Verma,sai.verma97@outlook.com,2022-11-25,REGULAR
98,Ishaan Rao,ishaan.rao98@hotmail.com,2023-01-27,PREMIUM
99,Anaya Sharma,anaya.sharma99@gmail.com,2023-06-28,REGULAR
100,Aditya Verma,aditya.verma100@yahoo.com,2022-11-06,PREMIUM
101,Pooja Kumar,pooja.kumar101@hotmail.com,2024-11-05,REGULAR
102,Reyansh Desai,reyansh.desai102@outlook.com,2022-09-18,PREMIUM
103,Nisha Singh,nisha.singh103@yahoo.com,2023-04-29,REGULAR
104,Aarav Menon,aarav.menon104@hotmail.com,2023-09-09,VIP
105,Reyansh Gupta,reyansh.gupta105@yahoo.com,2022-06-08,PREMIUM
106,Diya Singh,diya.singh106@gmail.com,2023-06-24,REGULAR
107,Sneha Malhotra,sneha.malhotra107@outlook.com,2022-01-20,PREMIUM
108,Anaya Singh,anaya.singh108@outlook.com,2024-09-14,PREMIUM
109,Saanvi Kumar,saanvi.kumar109@outlook.com,2024-08-14,PREMIUM
110,Karan Kapoor,karan.kapoor110@outlook.com,2023-05-16,PREMIUM
111,Aditya Iyer,aditya.iyer111@yahoo.com,2025-03-11,REGULAR
112,Pooja Rao,pooja.rao112@hotmail.com,2025-08-14,REGULAR
113,Anaya Reddy,anaya.reddy113@outlook.com,2023-06-13,REGULAR
114,Pooja Iyer,pooja.iyer114@yahoo.com,2022-05-13,REGULAR
115,Riya Kapoor,riya.kapoor115@yahoo.com,2024-12-08,REGULAR
116,Rahul Kapoor,rahul.kapoor116@gmail.com,2022-05-25,REGULAR
117,Priya Nair,priya.nair117@outlook.com,2024-01-06,REGULAR
118,Kabir Joshi,kabir.joshi118@outlook.com,2023-07-01,PREMIUM
119,Ananya Menon,ananya.menon119@gmail.com,2025-01-25,REGULAR
120,Vihaan Patel,vihaan.patel120@hotmail.com,2023-03-06,PREMIUM
121,Rohan Menon,rohan.menon121@yahoo.com,2023-04-06,REGULAR
122,Sai Menon,sai.menon122gmail.com,2023-03-03,REGULAR
123,Vivaan Menon,vivaan.menon123@yahoo.com,2024-09-17,PREMIUM
124,Anaya Singh,anaya.singh124@outlook.com,2023-12-31,REGULAR
125,Ishaan Patel,ishaan.patel125@outlook.com,2025-08-31,REGULAR
126,Aditya Rao,aditya.rao126@gmail.com,2022-08-24,REGULAR
127,Neha Menon,neha.menon127@yahoo.com,2022-07-04,REGULAR
128,Riya Nair,riya.nair128@hotmail.com,2023-12-01,VIP
129,Diya Joshi,diya.joshi129@gmail.com,2024-08-05,VIP
130,Vihaan Reddy,vihaan.reddy130@outlook.com,2024-10-22,REGULAR
131,Ayaan Patel,ayaan.patel131@yahoo.com,2022-01-05,REGULAR
132,Rahul Kapoor,rahul.kapoor132@yahoo.com,2023-03-24,PREMIUM
133,Rahul Desai,rahul.desai133@yahoo.com,2025-12-06,REGULAR
134,Amit Reddy,amit.reddy134@yahoo.com,2024-10-03,REGULAR
135,Ananya Kumar,ananya.kumar135@yahoo.com,2025-05-16,REGULAR
136,Nisha Menon,nisha.menon136@hotmail.com,2024-12-05,REGULAR
137,Priya Iyer,priya.iyer137@hotmail.com,2023-11-12,REGULAR
138,Vivaan Joshi,vivaan.joshi138@outlook.com,2022-02-10,REGULAR
139,Sneha Sharma,sneha.sharma139@outlook.com,2024-06-14,REGULAR
140,Sai Kapoor,sai.kapoor140@hotmail.com,2025-11-24,REGULAR
141,Neha Joshi,neha.joshi141@hotmail.com,2022-05-22,REGULAR
142,Riya Chopra,riya.chopra142@gmail.com,2025-08-25,REGULAR
143,Riya Kapoor,riya.kapoor143@hotmail.com,2025-06-17,PREMIUM
144,Vivaan Desai,vivaan.desai144@outlook.com,2023-05-18,REGULAR
145,Priya Sharma,priya.sharma145@hotmail.com,2023-10-04,REGULAR
146,Rohan Malhotra,rohan.malhotra146@hotmail.com,2024-08-29,REGULAR
147,Vivaan Reddy,vivaan.reddy147@yahoo.com,2025-12-12,REGULAR
148,Rahul Kapoor,rahul.kapoor148@yahoo.com,2025-01-07,REGULAR
149,Karan Sharma,karan.sharma149@gmail.com,2022-12-16,VIP
150,Vihaan Desai,vihaan.desai150@yahoo.com,2024-02-14,VIP
151,Diya Iyer,diya.iyer151@hotmail.com,2024-01-04,REGULAR
152,Karan Kumar,karan.kumar152@yahoo.com,2025-09-04,REGULAR
153,Riya Chopra,riya.chopra153@outlook.com,2025-06-28,REGULAR
154,Nisha Menon,nisha.menon154@hotmail.com,2025-09-06,REGULAR
155,Karan Kapoor,karan.kapoor155@hotmail.com,2023-12-09,VIP
156,Reyansh Nair,reyansh.nair156@yahoo.com,2025-08-22,PREMIUM
157,Vivaan Chopra,vivaan.chopra157@hotmail.com,2023-08-23,VIP
158,Amit Kumar,amit.kumar158@gmail.com,2022-07-16,REGULAR
159,Neha Chopra,neha.chopra159@hotmail.com,2022-06-04,REGULAR
160,Saanvi Sharma,saanvi.sharma160@hotmail.com,2025-09-14,PREMIUM
161,Arjun Gupta,arjun.gupta161@outlook.com,2023-06-10,PREMIUM
162,Priya Gupta,priya.gupta162@hotmail.com,2023-05-07,PREMIUM
163,Anaya Verma,anaya.verma163@yahoo.com,2024-09-07,PREMIUM
164,Diya Nair,diya.nair164@hotmail.com,2022-06-02,PREMIUM
165,Rahul Singh,rahul.singh165@outlook.com,2025-11-04,REGULAR
166,Ishaan Verma,ishaan.verma166@outlook.com,2023-11-01,REGULAR
167,Rohan Joshi,rohan.joshi167@yahoo.com,2022-09-22,REGULAR
168,Pooja Rao,pooja.rao168@yahoo.com,2024-02-13,VIP
169,Arjun Nair,arjun.nair169@outlook.com,2023-12-15,REGULAR
170,Aarav Desai,aarav.desai170@yahoo.com,2022-04-25,REGULAR
171,Kabir Menon,kabir.menon171@hotmail.com,2024-12-08,REGULAR
172,Diya Reddy,diya.reddy172@hotmail.com,2022-06-15,REGULAR
173,Neha Malhotra,neha.malhotra173@outlook.com,2022-02-04,VIP
174,Sneha Rao,sneha.rao174@gmail.com,2025-11-15,PREMIUM
175,Anaya Menon,anaya.menon175@yahoo.com,2024-08-01,PREMIUM
176,Ayaan Reddy,ayaan.reddy176@yahoo.com,2024-09-02,REGULAR
177,Amit Verma,amit.verma177@hotmail.com,2022-02-21,REGULAR
178,Nisha Kumar,nisha.kumar178@outlook.com,2023-05-23,PREMIUM
179,Sai Reddy,sai.reddy179@outlook.com,2024-04-04,REGULAR
180,Ananya Patel,ananya.patel180@hotmail.com,2025-06-06,REGULAR
181,Ishaan Singh,ishaan.singh181@gmail.com,2022-08-07,PREMIUM
182,Ayaan Rao,ayaan.rao182@outlook.com,2022-05-21,PREMIUM
183,Aarav Iyer,aarav.iyer183@hotmail.com,2023-07-27,PREMIUM
184,Sneha Iyer,sneha.iyer184@outlook.com,2022-06-18,PREMIUM
185,Anaya Sharma,anaya.sharma185@outlook.com,2025-11-22,PREMIUM
186,Amit Gupta,amit.gupta186@hotmail.com,2025-11-13,PREMIUM
187,Amit Joshi,amit.joshi187@gmail.com,2022-02-27,REGULAR
188,Anaya Singh,anaya.singh188@yahoo.com,2023-08-27,REGULAR
189,Sneha Joshi,sneha.joshi189@yahoo.com,2025-10-07,REGULAR
190,Vihaan Kapoor,vihaan.kapoor190@outlook.com,2022-02-20,PREMIUM
191,Reyansh Desai,reyansh.desai191@yahoo.com,2025-08-21,REGULAR
192,Sneha Malhotra,sneha.malhotra192@outlook.com,2022-04-05,REGULAR
193,Reyansh Singh,reyansh.singh193@hotmail.com,2022-05-23,PREMIUM
194,Amit Sharma,amit.sharma194@outlook.com,2023-01-14,VIP
195,Neha Reddy,neha.reddy195@yahoo.com,2024-06-29,REGULAR
196,Ayaan Chopra,ayaan.chopra196@gmail.com,2023-03-07,PREMIUM
197,Arjun Kumar,arjun.kumar197@yahoo.com,2022-06-20,PREMIUM
198,Aarav Kumar,aarav.kumar198gmail.com,2024-07-03,REGULAR
199,Sai Iyer,sai.iyer199@hotmail.com,2024-03-28,REGULAR
200,Aditya Kapoor,aditya.kapoor200@outlook.com,2024-03-08,REGULAR
201,Saanvi Nair,saanvi.nair201@gmail.com,2025-02-03,PREMIUM
202,Sneha Menon,sneha.menon202@gmail.com,2022-04-05,VIP
203,Priya Joshi,priya.joshi203@hotmail.com,2025-01-11,VIP
204,Aditya Gupta,aditya.gupta204@yahoo.com,2022-04-13,REGULAR
205,Pooja Chopra,pooja.chopra205@outlook.com,2023-12-06,REGULAR
206,Riya Singh,riya.singh206@gmail.com,2025-08-17,PREMIUM
207,Karan Reddy,karan.reddy207@yahoo.com,2023-10-05,REGULAR
208,Saanvi Rao,saanvi.rao208@gmail.com,2023-05-01,REGULAR
209,Sneha Iyer,sneha.iyer209@yahoo.com,2024-12-02,VIP
210,Aditya Gupta,aditya.gupta210@gmail.com,2023-11-02,REGULAR
211,Nisha Malhotra,nisha.malhotra211@gmail.com,2024-06-30,VIP
212,Karan Chopra,karan.chopra212@hotmail.com,2023-07-04,PREMIUM
213,Riya Verma,riya.verma213@outlook.com,2023-07-01,REGULAR
214,Rohan Reddy,rohan.reddy214@hotmail.com,2022-12-15,PREMIUM
215,Kabir Malhotra,kabir.malhotra215@outlook.com,2024-06-10,REGULAR
216,Riya Sharma,riya.sharma216@outlook.com,2022-02-14,REGULAR
217,Rahul Menon,rahul.menon217@outlook.com,2022-01-10,REGULAR
218,Arjun Rao,arjun.rao218@gmail.com,2022-05-23,PREMIUM
219,Reyansh Rao,reyansh.rao219@outlook.com,2022-09-02,REGULAR
220,Nisha Chopra,nisha.chopra220@gmail.com,2025-10-04,REGULAR
221,Sai Verma,sai.verma221@outlook.com,2023-11-20,PREMIUM
222,Anaya Desai,anaya.desai222@yahoo.com,2025-03-18,REGULAR
223,Kabir Joshi,kabir.joshi223@hotmail.com,2024-03-29,PREMIUM
224,Vivaan Nair,vivaan.nair224@gmail.com,2022-01-12,REGULAR
225,Reyansh Kumar,reyansh.kumar225@outlook.com,2023-05-25,REGULAR
226,Anaya Joshi,anaya.joshi226@hotmail.com,2024-04-07,PREMIUM
227,Rohan Malhotra,rohan.malhotra227@gmail.com,2023-11-09,REGULAR
228,Aditya Chopra,aditya.chopra228@hotmail.com,2025-01-07,PREMIUM
229,Diya Singh,diya.singh229@outlook.com,2022-09-24,PREMIUM
230,Pooja Desai,pooja.desai230@outlook.com,2022-05-17,REGULAR
231,Vihaan Nair,vihaan.nair231@hotmail.com,2024-03-24,REGULAR
232,Diya Chopra,diya.chopra232@yahoo.com,2022-04-29,REGULAR
233,Vihaan Reddy,vihaan.reddy233@outlook.com,2023-06-30,PREMIUM
234,Amit Kumar,amit.kumar234@yahoo.com,2023-02-02,REGULAR
235,Pooja Kumar,pooja.kumar235@gmail.com,2022-10-03,VIP
236,Amit Kapoor,amit.kapoor236@hotmail.com,2024-11-24,VIP
237,Neha Chopra,neha.chopra237@outlook.com,2022-08-23,REGULAR
238,Anaya Desai,anaya.desai238@outlook.com,2024-07-07,REGULAR
239,Rohan Gupta,rohan.gupta239@hotmail.com,2022-02-28,REGULAR
240,Diya Gupta,diya.gupta240@gmail.com,2024-08-13,REGULAR
241,Priya Desai,priya.desai241@gmail.com,2023-11-30,VIP
242,Neha Reddy,neha.reddy242@hotmail.com,2024-02-18,REGULAR
243,Vivaan Desai,vivaan.desai243@outlook.com,2025-01-14,REGULAR
244,Amit Patel,amit.patel244@hotmail.com,2023-11-14,REGULAR
245,Pooja Patel,pooja.patel245@outlook.com,2023-08-25,REGULAR
246,Ishaan Verma,ishaan.verma246@outlook.com,2022-04-13,REGULAR
247,Karan Rao,karan.rao247@yahoo.com,2023-06-02,REGULAR
248,Sneha Kumar,sneha.kumar248@outlook.com,2024-10-16,PREMIUM
249,Priya Kumar,priya.kumar249@gmail.com,2023-04-26,REGULAR
250,Amit Chopra,amit.chopra250@gmail.com,2024-09-30,PREMIUM
251,Rohan Malhotra,rohan.malhotra251@,2022-10-08,VIP
252,Ishaan Kapoor,ishaan.kapoor252@yahoo.com,2022-08-29,REGULAR
253,Vihaan Verma,vihaan.verma253@yahoo.com,2024-07-16,REGULAR
254,Sai Patel,sai.patel254@yahoo.com,2025-01-25,REGULAR
255,Riya Malhotra,riya.malhotra255@yahoo.com,2023-11-22,PREMIUM
256,Nisha Desai,nisha.desai256@yahoo.com,2023-04-26,VIP
257,Anaya Reddy,anaya.reddy257@hotmail.com,2023-12-19,PREMIUM
258,Priya Joshi,priya.joshi258@yahoo.com,2025-05-29,PREMIUM
259,Ananya Verma,ananya.verma259@outlook.com,2024-05-11,VIP
260,Rahul Singh,rahul.singh260@yahoo.com,2023-02-28,REGULAR
261,Rohan Kumar,rohan.kumar261@gmail.com,2025-11-15,REGULAR
262,Saanvi Malhotra,saanvi.malhotra262@hotmail.com,2022-03-24,REGULAR
263,Kabir Nair,kabir.nair263@gmail.com,2023-08-06,REGULAR
264,Ishaan Singh,ishaan.singh264@outlook.com,2025-05-14,REGULAR
265,Vivaan Menon,vivaan.menon265@hotmail.com,2024-12-17,PREMIUM
266,Rahul Kapoor,rahul.kapoor266@gmail.com,2025-11-08,REGULAR
267,Ananya Reddy,ananya.reddy267@hotmail.com,2022-06-22,PREMIUM
268,Ayaan Menon,ayaan.menon268@yahoo.com,2023-10-15,PREMIUM
269,Pooja Desai,pooja.desai269@hotmail.com,2024-07-16,REGULAR
270,Amit Nair,amit.nair270@outlook.com,2023-10-29,REGULAR
271,Kabir Nair,kabir.nair271@yahoo.com,2024-10-29,PREMIUM
272,Rohan Malhotra,rohan.malhotra272@gmail.com,2023-08-30,PREMIUM
273,Vivaan Rao,vivaan.rao273@outlook.com,2025-03-06,REGULAR
274,Aditya Malhotra,aditya.malhotra274@gmail.com,2025-04-13,REGULAR
275,Ishaan Kumar,ishaan.kumar275@outlook.com,2025-06-17,PREMIUM
276,Sneha Desai,sneha.desai276@hotmail.com,2024-09-08,REGULAR
277,Arjun Gupta,arjun.gupta277@hotmail.com,2022-02-27,REGULAR
278,Vivaan Reddy,vivaan.reddy278@outlook.com,2025-12-20,REGULAR
279,Priya Kapoor,priya.kapoor279@yahoo.com,2023-03-21,REGULAR
280,Vivaan Chopra,vivaan.chopra280@outlook.com,2023-11-10,PREMIUM
281,Nisha Desai,nisha.desai281@hotmail.com,2023-06-11,VIP
282,Anaya Kapoor,anaya.kapoor282@outlook.com,2025-05-29,REGULAR
283,Riya Gupta,riya.gupta283@yahoo.com,2024-04-27,REGULAR
284,Vihaan Gupta,vihaan.gupta284@outlook.com,2023-04-22,REGULAR
285,Rahul Joshi,rahul.joshi285@hotmail.com,2023-07-01,REGULAR
286,Nisha Malhotra,nisha.malhotra286@hotmail.com,2023-03-03,PREMIUM
287,Vivaan Gupta,vivaan.gupta287@hotmail.com,2023-07-19,REGULAR
288,Nisha Patel,nisha.patel288@yahoo.com,2025-08-11,PREMIUM
289,Saanvi Verma,saanvi.verma289@yahoo.com,2025-04-24,PREMIUM
290,Kabir Rao,kabir.rao290@gmail.com,2024-07-28,REGULAR
291,Saanvi Malhotra,saanvi.malhotra291@gmail.com,2024-06-10,REGULAR
292,Kabir Rao,kabir.rao292@outlook.com,2023-01-23,VIP
293,Aarav Patel,aarav.patel293@hotmail.com,2025-11-20,REGULAR
294,Ananya Iyer,ananya.iyer294@yahoo.com,2024-08-08,REGULAR
295,Anaya Reddy,anaya.reddy295@gmail.com,2023-12-04,REGULAR
296,Rahul Desai,rahul.desai296@outlook.com,2024-11-03,REGULAR
297,Aditya Menon,aditya.menon297@yahoo.com,2025-01-10,PREMIUM
298,Rahul Patel,rahul.patel298@yahoo.com,2022-07-08,VIP
299,Arjun Nair,arjun.nair299@gmail.com,2023-07-15,REGULAR
300,Kabir Desai,kabir.desai300@yahoo.com,2024-08-08,PREMIUM
301,Aditya Menon,aditya.menon301@hotmail.com,2024-03-27,REGULAR
302,Riya Gupta,riya.gupta302@outlook.com,2024-09-24,REGULAR
303,Saanvi Malhotra,saanvi.malhotra303@yahoo.com,2025-04-07,VIP
304,Riya Verma,riya.verma304@yahoo.com,2023-04-18,REGULAR
305,Ishaan Nair,ishaan.nair305@outlook.com,2025-08-07,REGULAR
306,Reyansh Iyer,reyansh.iyer306@outlook.com,2024-08-12,REGULAR
307,Rohan Patel,rohan.patel307@yahoo.com,2022-09-23,PREMIUM
308,Nisha Chopra,nisha.chopra308@gmail.com,2025-07-05,PREMIUM
309,Aditya Verma,aditya.verma309@outlook.com,2024-10-08,REGULAR
310,Neha Joshi,neha.joshi310@gmail.com,2024-02-13,PREMIUM
311,Karan Menon,karan.menon311@outlook.com,2024-01-21,REGULAR
312,Sneha Rao,sneha.rao312@gmail.com,2024-12-05,REGULAR
313,Saanvi Joshi,saanvi.joshi313@yahoo.com,2023-06-13,PREMIUM
314,Ishaan Chopra,ishaan.chopra314@outlook.com,2023-09-12,REGULAR
315,Kabir Singh,kabir.singh315@hotmail.com,2022-07-10,REGULAR
316,Ayaan Kumar,ayaan.kumar316@outlook.com,2023-08-20,PREMIUM
317,Riya Nair,riya.nair317@yahoo.com,2025-06-17,REGULAR
318,Neha Chopra,neha.chopra318@yahoo.com,2024-02-14,VIP
319,Saanvi Kapoor,saanvi.kapoor319@hotmail.com,2022-02-06,REGULAR
320,Priya Desai,priya.desai320@yahoo.com,2024-06-25,REGULAR
321,Vivaan Menon,vivaan.menon321@hotmail.com,2023-03-20,REGULAR
322,Vihaan Joshi,vihaan.joshi322@outlook.com,2025-02-04,REGULAR
323,Priya Malhotra,priya.malhotra323@gmail.com,2024-06-04,REGULAR
324,Kabir Menon,kabir.menon324@hotmail.com,2025-04-02,REGULAR
325,Pooja Singh,pooja.singh325@gmail.com,2023-09-04,REGULAR
326,Ishaan Malhotra,ishaan.malhotra326@yahoo.com,2024-07-24,REGULAR
327,Rohan Verma,rohan.verma327@yahoo.com,2025-01-13,REGULAR
328,Anaya Desai,anaya.desai328@yahoo.com,2023-05-25,VIP
329,Ishaan Patel,ishaan.patel329@outlook.com,2024-07-11,REGULAR
330,Rohan Kapoor,rohan.kapoor330@outlook.com,2024-01-08,PREMIUM
331,Kabir Chopra,kabir.chopra331@hotmail.com,2024-06-25,REGULAR
332,Nisha Sharma,nisha.sharma332@outlook.com,2024-10-15,PREMIUM
333,Neha Nair,neha.nair333@hotmail.com,2022-09-22,REGULAR
334,Nisha Rao,nisha.rao334@yahoo.com,2022-02-19,REGULAR
335,Rahul Singh,rahul.singh335@hotmail.com,2023-05-03,REGULAR
336,Riya Reddy,riya.reddy336@hotmail.com,2025-09-17,PREMIUM
337,Nisha Verma,nisha.verma337@yahoo.com,2024-05-21,REGULAR
338,Sneha Kapoor,sneha.kapoor338@outlook.com,2022-09-27,REGULAR
339,Karan Chopra,karan.chopra339@outlook.com,2024-08-05,REGULAR
340,Ayaan Iyer,ayaan.iyer340@yahoo.com,2023-04-08,PREMIUM
341,Rahul Reddy,rahul.reddy341@hotmail.com,2023-05-08,REGULAR
342,Karan Iyer,karan.iyer342@hotmail.com,2025-10-23,VIP
343,Kabir Kumar,kabir.kumar343@outlook.com,2025-01-14,REGULAR
344,Saanvi Iyer,saanvi.iyer344@yahoo.com,2022-11-10,PREMIUM
345,Ananya Iyer,ananya.iyer345@yahoo.com,2023-01-12,REGULAR
346,Rohan Nair,rohan.nair346@gmail.com,2022-06-05,REGULAR
347,Rahul Kapoor,rahul.kapoor347@yahoo.com,2022-01-09,VIP
348,Sai Joshi,sai.joshi348@hotmail.com,2024-01-12,PREMIUM
349,Diya Chopra,diya.chopra349@gmail.com,2025-11-11,PREMIUM
350,Amit Nair,amit.nair350@gmail.com,2025-11-19,VIP
351,Riya Patel,riya.patel351@gmail.com,2025-07-22,REGULAR
352,Anaya Patel,anaya.patel352@outlook.com,2025-09-23,REGULAR
353,Diya Singh,diya.singh353@outlook.com,2023-03-19,REGULAR
354,Amit Kapoor,amit.kapoor354@yahoo.com,2025-08-15,REGULAR
355,Ananya Reddy,ananya.reddy355@outlook.com,2022-09-10,PREMIUM
356,Amit Iyer,amit.iyer356@gmail.com,2025-02-18,REGULAR
357,Diya Reddy,diya.reddy357@hotmail.com,2025-07-08,REGULAR
358,Ishaan Gupta,ishaan.gupta358@gmail.com,2022-10-15,VIP
359,Anaya Chopra,anaya.chopra359@gmail.com,2023-02-10,REGULAR
360,Saanvi Iyer,saanvi.iyer360@outlook.com,2024-06-23,PREMIUM
361,Aarav Iyer,aarav.iyer361@yahoo.com,2022-04-07,PREMIUM
362,Saanvi Menon,saanvi.menon362@outlook.com,2024-12-08,REGULAR
363,Diya Malhotra,diya.malhotra363@yahoo.com,2022-07-27,REGULAR
364,Saanvi Malhotra,saanvi.malhotra364@hotmail.com,2025-03-22,REGULAR
365,Sneha Reddy,sneha.reddy365@gmail.com,2024-03-27,REGULAR
366,Rahul Malhotra,rahul.malhotra366@gmail.com,2022-04-06,PREMIUM
367,Rohan Reddy,rohan.reddy367@yahoo.com,2022-09-13,REGULAR
368,Rohan Desai,rohan.desai368@yahoo.com,2025-01-18,REGULAR
369,Aditya Desai,aditya.desai369@hotmail.com,2022-07-24,REGULAR
370,Saanvi Verma,saanvi.verma370@outlook.com,2025-01-28,REGULAR
371,Ananya Sharma,ananya.sharma371@gmail.com,2022-03-12,REGULAR
372,Rahul Gupta,rahul.gupta372@gmail.com,2025-12-22,PREMIUM
373,Anaya Verma,anaya.verma373@yahoo.com,2025-04-09,REGULAR
374,Amit Joshi,amit.joshi374@hotmail.com,2023-11-28,PREMIUM
375,Priya Rao,priya.rao375@yahoo.com,2024-10-12,PREMIUM
376,Vihaan Patel,vihaan.patel376@hotmail.com,2024-04-01,REGULAR
377,Ayaan Sharma,ayaan.sharma377@outlook.com,2023-12-21,PREMIUM
378,Karan Joshi,karan.joshi378@yahoo.com,2023-01-20,REGULAR
379,Arjun Iyer,arjun.iyer379@gmail.com,2022-02-20,PREMIUM
380,Riya Sharma,riya.sharma380@gmail.com,2022-06-06,REGULAR
381,Saanvi Verma,saanvi.verma381@gmail.com,2023-09-17,REGULAR
382,Karan Reddy,karan.reddy382@gmail.com,2022-08-06,REGULAR
383,Diya Nair,diya.nair383@outlook.com,2024-06-16,REGULAR
384,Sneha Chopra,sneha.chopra384@yahoo.com,2024-10-22,REGULAR
385,Riya Menon,riya.menon385@yahoo.com,2024-08-30,PREMIUM
386,Karan Kapoor,karan.kapoor386@outlook.com,2024-09-26,PREMIUM
387,Rohan Chopra,rohan.chopra387@hotmail.com,2022-08-20,REGULAR
388,Sai Kapoor,sai.kapoor388@yahoo.com,2023-04-13,PREMIUM
389,Arjun Desai,arjun.desai389@hotmail.com,2023-10-10,REGULAR
390,Arjun Rao,arjun.rao390@yahoo.com,2023-05-29,PREMIUM
391,Saanvi Malhotra,saanvi.malhotra391@yahoo.com,2022-03-22,REGULAR
392,Sneha Verma,sneha.verma392@yahoo.com,2025-06-03,PREMIUM
393,Nisha Reddy,nisha.reddy393@outlook.com,2023-04-16,VIP
394,Aarav Reddy,aarav.reddy394@gmail.com,2025-03-06,VIP
395,Anaya Nair,anaya.nair395@yahoo.com,2023-09-09,VIP
396,Karan Chopra,karan.chopra396@hotmail.com,2023-12-26,REGULAR
397,Kabir Menon,kabir.menon397@hotmail.com,2023-12-25,REGULAR
398,Nisha Kapoor,nisha.kapoor398@outlook.com,2025-11-21,REGULAR
399,Ishaan Joshi,ishaan.joshi399@yahoo.com,2025-02-25,REGULAR
400,Ananya Joshi,ananya.joshi400@yahoo.com,2023-05-28,REGULAR
401,Neha Nair,neha.nair401@outlook.com,2023-02-04,PREMIUM
402,Anaya Kapoor,anaya.kapoor402@outlook.com,2022-09-20,REGULAR
403,Karan Kapoor,karan.kapoor403@gmail.com,2024-03-24,REGULAR
404,Aditya Verma,aditya.verma404@hotmail.com,2022-08-02,PREMIUM
405,Ayaan Gupta,ayaan.gupta405@gmail.com,2022-12-06,REGULAR
406,Kabir Verma,kabir.verma406@hotmail.com,2024-10-21,REGULAR
407,Aarav Joshi,aarav.joshi407@,2024-04-12,VIP
408,Aarav Joshi,aarav.joshi408@yahoo.com,2022-06-16,VIP
409,Rohan Kumar,rohan.kumar409@outlook.com,2025-06-20,REGULAR
410,Priya Gupta,priya.gupta410@hotmail.com,2023-12-15,REGULAR
411,Rahul Nair,rahul.nair411@gmail.com,2024-10-12,VIP
412,Amit Verma,amit.verma412@hotmail.com,2023-08-09,REGULAR
413,Vivaan Sharma,vivaan.sharma413@gmail.com,2024-02-16,PREMIUM
414,Amit Chopra,amit.chopra414@gmail.com,2025-10-22,REGULAR
415,Vivaan Nair,vivaan.nair415@hotmail.com,2023-02-26,REGULAR
416,Aditya Iyer,aditya.iyer416@gmail.com,2022-10-06,VIP
417,Ishaan Sharma,ishaan.sharma417@yahoo.com,2025-03-14,PREMIUM
418,Priya Gupta,priya.gupta418@yahoo.com,2024-05-30,PREMIUM
419,Priya Chopra,priya.chopra419@yahoo.com,2025-05-12,VIP
420,Nisha Gupta,nisha.gupta420@outlook.com,2022-03-25,REGULAR
421,Ayaan Gupta,ayaan.gupta421@hotmail.com,2025-04-16,REGULAR
422,Amit Iyer,amit.iyer422@hotmail.com,2024-02-02,REGULAR
423,Karan Rao,karan.rao423@hotmail.com,2022-05-14,PREMIUM
424,Diya Nair,diya.nair424@gmail.com,2023-02-21,REGULAR
425,Rahul Kumar,rahul.kumar425@outlook.com,2023-07-15,REGULAR
426,Aarav Menon,aarav.menon426@outlook.com,2022-06-08,REGULAR
427,Sai Joshi,sai.joshi427@hotmail.com,2022-06-10,REGULAR
428,Kabir Gupta,kabir.gupta428@outlook.com,2025-09-03,REGULAR
429,Diya Joshi,diya.joshi429@gmail.com,2025-01-31,VIP
430,Ayaan Patel,ayaan.patel430@yahoo.com,2022-08-04,REGULAR
431,Ananya Kapoor,ananya.kapoor431@yahoo.com,2023-11-07,REGULAR
432,Diya Kapoor,diya.kapoor432@outlook.com,2023-01-27,VIP
433,Nisha Kapoor,nisha.kapoor433@yahoo.com,2023-12-13,REGULAR
434,Diya Sharma,diya.sharma434@outlook.com,2025-07-31,PREMIUM
435,Ishaan Desai,ishaan.desai435@yahoo.com,2023-04-12,REGULAR
436,Rahul Reddy,rahul.reddy436@yahoo.com,2023-09-11,VIP
437,Diya Kapoor,diya.kapoor437@yahoo.com,2023-05-22,REGULAR
438,Priya Malhotra,priya.malhotra438@yahoo.com,2024-07-08,VIP
439,Sai Sharma,sai.sharma439@hotmail.com,2025-01-05,REGULAR
440,Diya Gupta,diya.gupta440@hotmail.com,2024-11-11,REGULAR
441,Amit Menon,amit.menon441@yahoo.com,2025-01-16,REGULAR
442,Priya Gupta,priya.gupta442@hotmail.com,2024-06-23,REGULAR
443,Rohan Joshi,rohan.joshi443@outlook.com,2024-12-25,PREMIUM
444,Karan Gupta,karan.gupta444@yahoo.com,2024-10-18,PREMIUM
445,Sai Verma,sai.verma445@hotmail.com,2025-03-15,REGULAR
446,Riya Singh,riya.singh446@,2022-12-11,REGULAR
447,Rohan Nair,rohan.nair447@hotmail.com,2023-12-21,PREMIUM
448,Neha Kumar,neha.kumar448@gmail.com,2024-01-20,REGULAR
449,Riya Gupta,riya.gupta449@yahoo.com,2023-06-26,REGULAR
450,Saanvi Reddy,saanvi.reddy450@outlook.com,2024-01-10,REGULAR
451,Nisha Desai,nisha.desai451@outlook.com,2022-03-11,PREMIUM
452,Vihaan Sharma,vihaan.sharma452@gmail.com,2024-11-17,PREMIUM
453,Nisha Nair,nisha.nair453@yahoo.com,2023-05-30,REGULAR
454,Saanvi Nair,saanvi.nair454@yahoo.com,2022-10-17,PREMIUM
455,Riya Rao,riya.rao455@yahoo.com,2023-11-30,REGULAR
456,Priya Sharma,priya.sharma456@yahoo.com,2023-03-09,PREMIUM
457,Aditya Singh,aditya.singh457@yahoo.com,2023-07-23,REGULAR
458,Saanvi Singh,saanvi.singh458@hotmail.com,2024-03-30,VIP
459,Ishaan Rao,ishaan.rao459@gmail.com,2023-06-25,REGULAR
460,Saanvi Patel,saanvi.patel460@outlook.com,2025-11-28,PREMIUM
461,Aditya Kumar,aditya.kumar461@yahoo.com,2023-04-20,REGULAR
462,Kabir Kumar,kabir.kumar462@hotmail.com,2024-07-15,REGULAR
463,Priya Joshi,priya.joshi463@yahoo.com,2024-05-12,REGULAR
464,Diya Kumar,diya.kumar464@hotmail.com,2024-08-20,REGULAR
465,Kabir Sharma,kabir.sharma465@yahoo.com,2025-06-20,REGULAR
466,Karan Kapoor,karan.kapoor466@hotmail.com,2023-10-08,PREMIUM
467,Saanvi Kapoor,saanvi.kapoor467@gmail.com,2025-05-21,PREMIUM
468,Diya Verma,diya.verma468@outlook.com,2022-09-19,PREMIUM
469,Neha Kapoor,neha.kapoor469@gmail.com,2024-06-08,REGULAR
470,Karan Malhotra,karan.malhotra470@gmail.com,2025-03-26,PREMIUM
471,Karan Reddy,karan.reddy471@gmail.com,2025-02-17,PREMIUM
472,Ayaan Menon,ayaan.menon472@gmail.com,2023-11-30,REGULAR
473,Aditya Desai,aditya.desai473@gmail.com,2025-04-19,PREMIUM
474,Reyansh Malhotra,reyansh.malhotra474@hotmail.com,2022-09-15,PREMIUM
475,Reyansh Reddy,reyansh.reddy475@outlook.com,2024-04-06,REGULAR
476,Karan Patel,karan.patel476@outlook.com,2023-03-26,REGULAR
477,Rohan Singh,rohan.singh477@hotmail.com,2025-11-28,REGULAR
478,Ananya Kumar,ananya.kumar478@yahoo.com,2023-01-23,REGULAR
479,Ishaan Nair,ishaan.nair479@hotmail.com,2024-01-31,REGULAR
480,Amit Iyer,amit.iyer480@hotmail.com,2023-12-04,REGULAR
481,Aditya Rao,aditya.rao481@outlook.com,2024-12-15,VIP
482,Kabir Desai,kabir.desai482@outlook.com,2024-06-23,REGULAR
483,Nisha Gupta,nisha.gupta483@hotmail.com,2024-09-13,PREMIUM
484,Kabir Gupta,kabir.gupta484@hotmail.com,2022-12-05,VIP
485,Reyansh Kapoor,reyansh.kapoor485@outlook.com,2023-06-09,REGULAR
486,Arjun Kapoor,arjun.kapoor486@gmail.com,2022-03-13,REGULAR
487,Saanvi Sharma,saanvi.sharma487@yahoo.com,2023-11-17,REGULAR
488,Riya Reddy,riya.reddy488@yahoo.com,2025-10-02,PREMIUM
489,Sai Iyer,sai.iyer489@outlook.com,2023-01-24,REGULAR
490,Sneha Patel,sneha.patel490@outlook.com,2025-02-01,PREMIUM
491,Ayaan Joshi,ayaan.joshi491@gmail.com,2022-01-02,REGULAR
492,Aditya Kumar,aditya.kumar492@hotmail.com,2022-01-15,REGULAR
493,Ishaan Singh,ishaan.singh493@hotmail.com,2024-12-14,REGULAR
494,Aditya Nair,aditya.nair494@gmail.com,2022-06-10,REGULAR
495,Diya Kumar,diya.kumar495@yahoo.com,2024-09-23,VIP
496,Arjun Gupta,arjun.gupta496@gmail.com,2024-08-06,PREMIUM
497,Saanvi Malhotra,saanvi.malhotra497@yahoo.com,2025-11-30,REGULAR
498,Sneha Desai,sneha.desai498@gmail.com,2025-10-24,REGULAR
499,Vihaan Rao,vihaan.rao499@hotmail.com,2023-05-04,PREMIUM
500,Ayaan Iyer,ayaan.iyer500@yahoo.com,2024-05-09,PREMIUM
501,Nisha Menon,nisha.menon501@gmail.com,2025-08-10,PREMIUM
502,Diya Reddy,diya.reddy502@yahoo.com,2025-03-07,REGULAR
503,Amit Verma,amit.verma503@yahoo.com,2024-02-08,REGULAR
504,Ayaan Kapoor,ayaan.kapoor504@gmail.com,2024-03-31,PREMIUM
505,Aarav Malhotra,aarav.malhotra505@yahoo.com,2023-08-24,PREMIUM
506,Neha Joshi,neha.joshi506@yahoo.com,2025-03-30,REGULAR
507,Aditya Sharma,aditya.sharma507@gmail.com,2023-02-12,REGULAR
508,Vivaan Rao,vivaan.rao508@hotmail.com,2023-10-21,PREMIUM
509,Aditya Kumar,aditya.kumar509@outlook.com,2022-05-03,REGULAR
510,Reyansh Kumar,reyansh.kumar510@hotmail.com,2024-06-29,PREMIUM
511,Amit Gupta,amit.gupta511@hotmail.com,2025-02-07,VIP
512,Ayaan Verma,ayaan.verma512@hotmail.com,2022-06-30,REGULAR
513,Pooja Verma,pooja.verma513@yahoo.com,2022-07-05,REGULAR
514,Arjun Sharma,arjun.sharma514@outlook.com,2024-03-23,REGULAR
515,Nisha Iyer,nisha.iyer515@yahoo.com,2025-03-10,PREMIUM
516,Ananya Singh,ananya.singh516@gmail.com,2023-06-05,PREMIUM
517,Ananya Gupta,ananya.gupta517@gmail.com,2024-02-10,REGULAR
518,Kabir Verma,kabir.verma518@yahoo.com,2023-07-26,REGULAR
519,Vihaan Singh,vihaan.singh519@gmail.com,2022-03-10,PREMIUM
520,Aarav Nair,aarav.nair520@outlook.com,2023-08-18,VIP
521,Sai Verma,sai.verma521@hotmail.com,2022-12-15,REGULAR
522,Riya Chopra,riya.chopra522@gmail.com,2024-06-06,REGULAR
523,Rohan Verma,rohan.verma523@gmail.com,2023-09-15,REGULAR
524,Saanvi Menon,saanvi.menon524@outlook.com,2023-05-24,REGULAR
525,Saanvi Sharma,saanvi.sharma525@outlook.com,2024-05-25,PREMIUM
526,Nisha Nair,nisha.nair526@hotmail.com,2025-04-15,PREMIUM
527,Nisha Nair,nisha.nair527@hotmail.com,2022-02-07,REGULAR
528,Kabir Sharma,kabir.sharma528@gmail.com,2025-03-24,PREMIUM
529,Nisha Menon,nisha.menon529@yahoo.com,2023-10-15,REGULAR
530,Vivaan Kumar,vivaan.kumar530@gmail.com,2022-03-10,VIP
531,Rohan Joshi,rohan.joshi531@outlook.com,2023-12-14,VIP
532,Aditya Singh,aditya.singh532@hotmail.com,2022-04-27,REGULAR
533,Vivaan Joshi,vivaan.joshi533@yahoo.com,2023-01-03,REGULAR
534,Ishaan Rao,ishaan.rao534@outlook.com,2023-05-10,REGULAR
535,Ayaan Gupta,ayaan.gupta535@yahoo.com,2025-04-26,PREMIUM
536,Vihaan Kumar,vihaan.kumar536@hotmail.com,2023-12-25,REGULAR
537,Vihaan Malhotra,vihaan.malhotra537@yahoo.com,2023-12-04,REGULAR
538,Ananya Singh,ananya.singh538@outlook.com,2025-07-07,PREMIUM
539,Pooja Verma,pooja.verma539@outlook.com,2022-08-19,REGULAR
540,Ayaan Malhotra,ayaan.malhotra540@gmail.com,2024-11-17,REGULAR
541,Sai Sharma,sai.sharma541@hotmail.com,2024-05-13,PREMIUM
542,Ayaan Singh,ayaan.singh542@yahoo.com,2022-07-08,REGULAR
543,Ayaan Kumar,ayaan.kumar543@hotmail.com,2023-08-02,PREMIUM
544,Amit Gupta,amit.gupta544@outlook.com,2025-11-26,PREMIUM
545,Aarav Gupta,aarav.gupta545@hotmail.com,2025-06-11,REGULAR
546,Ishaan Singh,ishaan.singh546@hotmail.com,2022-03-20,REGULAR
547,Neha Joshi,neha.joshi547@hotmail.com,2024-02-10,REGULAR
548,Sneha Joshi,sneha.joshi548@yahoo.com,2025-11-12,REGULAR
549,Ananya Desai,ananya.desai549@gmail.com,2024-08-11,PREMIUM
550,Ayaan Menon,ayaan.menon550@hotmail.com,2022-04-05,REGULAR
