order_id,customer_id,order_date,status,region_code
1,414,2024-01-15 20:30:39,DELIVERED,SOUTH
2,23,2025-04-03 00:40:16,PLACED,NORTH
3,262,2025-08-22 01:08:08,PLACED,NORTH
4,21,2024-02-07 11:09:59,DELIVERED,WEST
5,259,2025-01-03 11:23:19,SHIPPED,NORTH
6,104,2025-05-29 13:34:39,DELIVERED,SOUTH
7,108,2025-02-01 08:37:53,PLACED,NORTH
8,510,2024-06-03 07:02:31,DELIVERED,CENTRAL
9,367,2025-06-30 09:00:41,SHIPPED,CENTRAL
10,213,2025-06-18 13:03:02,DELIVERED,NORTH
11,,2024-03-10 03:07:59,CANCELLED,WEST
12,93,2025-08-28 11:25:19,DELIVERED,NORTH
13,237,2024-12-20 18:27:36,SHIPPED,WEST
14,179,09-11-2025,SHIPPED,EAST
15,119,2024-03-14 18:53:59,CANCELLED,NORTH
16,175,2024-09-12 06:40:54,DELIVERED,CENTRAL
17,96,2024-10-16 10:10:49,SHIPPED,WEST
18,468,2024-07-30 03:20:09,DELIVERED,WEST
19,171,2024-03-28 19:31:37,DELIVERED,SOUTH
20,495,2025-09-15 03:17:58,DELIVERED,CENTRAL
21,368,19-04-2025,DELIVERED,SOUTH
22,500,2024-03-28 17:18:25,DELIVERED,NORTH
23,322,2024-01-10 14:24:39,DELIVERED,CENTRAL
24,230,2025-06-04 06:48:13,DELIVERED,CENTRAL
25,255,2025-01-09 07:49:13,DELIVERED,WEST
26,56,2024-01-10 01:04:33,SHIPPED,WEST
27,170,2024-02-28 03:35:21,DELIVERED,EAST
28,52,2025-01-28 17:50:51,DELIVERED,WEST
29,81,2024-12-22 14:08:36,DELIVERED,NORTH
30,458,2024-09-02 11:48:50,DELIVERED,NORTH
31,423,2024-01-28 19:57:20,PLACED,NORTH
32,312,2025-11-22 08:52:11,SHIPPED,WEST
33,373,03-10-2025,SHIPPED,WEST
34,485,2025-07-10 15:28:28,DELIVERED,NORTH
35,228,2024-01-02 16:57:14,CANCELLED,EAST
36,383,2025-06-29 08:01:08,CANCELLED,WEST
37,420,2024-03-24 01:54:25,SHIPPED,NORTH
38,403,2024-06-16 10:52:46,DELIVERED,EAST
39,425,2024-02-06 02:49:46,CANCELLED,CENTRAL
40,462,2024-12-21 06:19:40,RETURNED,SOUTH
41,5,2025-02-15 22:42:28,DELIVERED,WEST
42,495,2025-12-18 23:31:19,RETURNED,SOUTH
43,178,2025-07-21 09:24:26,PLACED,CENTRAL
44,330,2025-01-26 13:17:37,DELIVERED,CENTRAL
45,255,2024-07-31 12:11:48,DELIVERED,EAST
46,137,2024-04-17 07:51:43,DELIVERED,CENTRAL
47,322,2025-07-06 22:17:59,DELIVERED,SOUTH
48,298,2025-06-17 07:21:44,DELIVERED,SOUTH
49,331,2025-07-05 17:56:04,DELIVERED,WEST
50,428,2025-06-07 16:48:34,CANCELLED,EAST
51,433,19-09-2025,PLACED,WEST
52,58,2024-06-04 06:27:04,DELIVERED,EAST
53,150,13-10-2025,DELIVERED,SOUTH
54,34,2024-10-05 14:19:30,PLACED,CENTRAL
55,399,2024-07-03 13:06:02,DELIVERED,EAST
56,49,2025-12-20 14:55:43,DELIVERED,EAST
57,56,2024-01-11 01:41:22,SHIPPED,WEST
58,377,2025-08-09 12:13:40,DELIVERED,SOUTH
59,199,2024-08-16 11:52:12,RETURNED,NORTH
60,178,2025-07-24 22:52:29,DELIVERED,WEST
61,271,2024-04-11 00:36:57,CANCELLED,NORTH
62,159,2024-02-01 00:32:47,DELIVERED,NORTH
63,309,2025-01-16 00:31:56,DELIVERED,NORTH
64,326,2025-02-12 02:04:26,SHIPPED,NORTH
65,164,2024-11-19 01:31:13,DELIVERED,EAST
66,219,2025-05-30 05:27:03,DELIVERED,SOUTH
67,544,2025-01-03 19:58:46,CANCELLED,NORTH
68,355,2024-12-12 03:50:22,DELIVERED,CENTRAL
69,41,2025-06-14 03:40:46,DELIVERED,NORTH
70,290,2024-01-20 04:32:53,CANCELLED,EAST
71,521,2024-12-12 01:46:57,SHIPPED,SOUTH
72,85,2024-03-15 12:45:27,RETURNED,CENTRAL
73,68,2024-06-12 17:15:05,DELIVERED,WEST
74,211,2025-02-21 16:27:54,CANCELLED,WEST
75,74,2025-08-03 03:03:14,PLACED,EAST
76,,26-02-2024,DELIVERED,CENTRAL
77,234,2025-12-08 14:01:14,DELIVERED,WEST
78,18,2024-10-29 12:50:27,DELIVERED,CENTRAL
79,47,2025-06-28 09:23:16,DELIVERED,CENTRAL
80,309,16-04-2025,DELIVERED,WEST
81,32,2025-01-03 03:46:14,SHIPPED,WEST
82,303,2025-05-07 11:28:04,DELIVERED,EAST
83,12,2025-03-05 22:26:19,PLACED,NORTH
84,,2025-04-08 10:27:11,DELIVERED,NORTH
85,353,2024-06-13 11:03:45,DELIVERED,CENTRAL
86,189,2024-06-20 11:47:09,SHIPPED,NORTH
87,56,2025-10-23 07:01:02,RETURNED,CENTRAL
88,75,2024-08-13 18:09:30,SHIPPED,SOUTH
89,499,2024-09-13 23:30:30,DELIVERED,SOUTH
90,72,2025-11-30 03:25:36,DELIVERED,EAST
91,314,2025-06-22 14:59:47,DELIVERED,EAST
92,439,10-05-2024,SHIPPED,SOUTH
93,447,2024-08-02 21:41:09,PLACED,EAST
94,474,2024-12-11 22:04:27,DELIVERED,CENTRAL
95,84,2025-10-15 20:09:31,CANCELLED,CENTRAL
96,79,19-07-2025,PLACED,CENTRAL
97,415,2025-08-20 10:55:55,RETURNED,CENTRAL
98,484,2025-05-22 21:43:52,DELIVERED,SOUTH
99,298,2024-04-13 23:43:39,DELIVERED,WEST
100,11,2025-05-29 17:13:20,RETURNED,CENTRAL
101,527,2024-04-19 00:41:57,SHIPPED,CENTRAL
102,150,2025-07-25 14:32:22,RETURNED,NORTH
103,500,29-06-2024,DELIVERED,NORTH
104,531,2025-12-06 01:14:26,DELIVERED,WEST
105,41,2025-05-18 17:22:39,DELIVERED,CENTRAL
106,281,2025-10-10 11:08:49,DELIVERED,CENTRAL
107,388,2024-10-10 17:37:31,CANCELLED,NORTH
108,386,2025-12-05 16:13:28,DELIVERED,EAST
109,494,2025-11-20 02:05:01,DELIVERED,SOUTH
110,236,2024-02-29 21:01:43,SHIPPED,SOUTH
111,371,2025-04-12 14:28:16,PLACED,SOUTH
112,339,2025-07-13 10:32:19,DELIVERED,WEST
113,166,2025-05-17 17:47:11,PLACED,NORTH
114,165,2024-04-14 15:26:17,PLACED,CENTRAL
115,171,2024-07-19 14:18:31,DELIVERED,WEST
116,20,2025-11-13 08:35:39,DELIVERED,EAST
117,222,2024-12-14 21:45:27,DELIVERED,WEST
118,421,2025-04-11 16:26:43,DELIVERED,SOUTH
119,524,2024-07-24 11:01:23,DELIVERED,WEST
120,71,2024-06-27 12:02:22,PLACED,NORTH
121,517,2025-06-15 13:32:27,PLACED,NORTH
122,40,2025-11-12 18:29:42,DELIVERED,NORTH
123,134,2025-12-01 14:12:52,CANCELLED,WEST
124,380,10-11-2025,DELIVERED,SOUTH
125,494,2025-09-05 06:22:58,DELIVERED,CENTRAL
126,138,2024-07-16 16:33:35,SHIPPED,NORTH
127,419,2024-07-19 05:49:59,DELIVERED,NORTH
128,121,07-02-2025,DELIVERED,EAST
129,110,2024-04-30 05:16:54,DELIVERED,EAST
130,434,2025-03-14 14:12:58,SHIPPED,WEST
131,424,2025-03-04 19:58:55,DELIVERED,EAST
132,496,2024-07-16 02:45:29,DELIVERED,WEST
133,122,2025-08-03 20:16:01,DELIVERED,SOUTH
134,521,2024-11-07 02:59:47,CANCELLED,CENTRAL
135,54,2024-05-04 20:22:25,DELIVERED,NORTH
136,483,2025-12-20 03:18:52,PLACED,EAST
137,82,18-04-2025,DELIVERED,WEST
138,534,2024-08-10 12:10:24,DELIVERED,SOUTH
139,450,2024-01-09 07:39:22,DELIVERED,CENTRAL
140,35,2025-08-31 22:03:47,DELIVERED,SOUTH
141,37,2024-10-06 10:02:22,PLACED,SOUTH
142,283,2025-08-28 14:09:21,DELIVERED,WEST
143,531,2024-01-12 22:27:09,PLACED,NORTH
144,357,2024-09-26 21:24:18,SHIPPED,CENTRAL
145,466,2025-12-23 03:07:19,PLACED,SOUTH
146,110,09-03-2025,SHIPPED,NORTH
147,264,2025-11-11 11:55:51,DELIVERED,EAST
148,387,2025-03-13 10:13:25,SHIPPED,EAST
149,470,2025-06-13 09:50:44,DELIVERED,NORTH
150,265,2024-02-22 11:18:09,DELIVERED,SOUTH
151,236,2025-09-13 12:05:22,RETURNED,CENTRAL
152,270,2024-07-11 19:51:26,DELIVERED,EAST
153,183,2025-01-05 03:38:15,SHIPPED,CENTRAL
154,195,2025-01-22 14:01:18,SHIPPED,SOUTH
155,212,2024-06-27 00:44:17,SHIPPED,CENTRAL
156,110,2024-04-03 02:41:49,DELIVERED,WEST
157,44,2025-10-20 16:03:47,DELIVERED,WEST
158,282,2025-01-16 05:16:29,DELIVERED,CENTRAL
159,228,2025-08-05 16:10:15,PLACED,WEST
160,34,2025-01-25 06:49:00,CANCELLED,SOUTH
161,124,2025-06-26 08:13:19,DELIVERED,NORTH
162,,2024-06-12 16:42:33,PLACED,EAST
163,266,2024-05-25 08:46:27,SHIPPED,WEST
164,352,2024-10-11 05:19:14,DELIVERED,WEST
165,382,2024-10-10 13:32:48,SHIPPED,SOUTH
166,235,24-09-2025,SHIPPED,SOUTH
167,391,2024-06-01 06:52:59,RETURNED,SOUTH
168,10,2024-05-17 04:11:53,PLACED,CENTRAL
169,324,2025-09-01 23:40:01,SHIPPED,CENTRAL
170,,2024-03-17 21:01:26,PLACED,EAST
171,99,2024-12-15 09:54:05,SHIPPED,EAST
172,264,24-09-2024,PLACED,CENTRAL
173,179,2025-08-29 02:00:57,DELIVERED,CENTRAL
174,458,21-11-2025,DELIVERED,WEST
175,149,2025-11-05 09:29:44,CANCELLED,EAST
176,415,2025-10-21 08:39:26,PLACED,EAST
177,325,2025-05-22 05:02:47,SHIPPED,WEST
178,456,2025-08-29 14:24:40,DELIVERED,CENTRAL
179,462,2024-11-17 13:18:55,CANCELLED,SOUTH
180,258,2025-07-31 18:50:29,PLACED,SOUTH
181,98,2024-02-19 13:10:35,DELIVERED,NORTH
182,,2024-11-04 08:50:59,RETURNED,NORTH
183,160,2024-03-06 11:40:33,CANCELLED,EAST
184,291,2024-12-10 05:06:32,PLACED,SOUTH
185,,2025-05-30 09:27:08,RETURNED,WEST
186,279,2025-03-02 01:37:30,RETURNED,CENTRAL
187,468,2025-05-05 03:34:42,CANCELLED,WEST
188,547,2024-08-28 12:30:19,DELIVERED,SOUTH
189,453,2024-08-27 03:04:44,SHIPPED,EAST
190,,2025-02-10 11:19:18,CANCELLED,EAST
191,548,2024-01-07 11:02:31,DELIVERED,WEST
192,441,2025-09-11 19:08:29,SHIPPED,NORTH
193,194,2024-11-15 19:18:46,DELIVERED,SOUTH
194,400,2025-10-05 10:59:45,SHIPPED,WEST
195,530,2025-08-16 20:01:36,DELIVERED,EAST
196,545,2025-09-20 05:17:09,SHIPPED,NORTH
197,297,2024-03-26 17:11:29,DELIVERED,EAST
198,504,2024-05-25 20:38:56,SHIPPED,CENTRAL
199,,2024-03-20 10:30:57,PLACED,WEST
200,239,2024-03-11 01:23:37,DELIVERED,EAST
201,511,2024-10-15 11:20:36,DELIVERED,EAST
202,150,2024-02-13 12:37:49,DELIVERED,CENTRAL
203,197,2025-11-26 17:02:20,CANCELLED,NORTH
204,255,2024-10-25 21:09:09,DELIVERED,NORTH
205,97,2025-02-08 18:44:14,SHIPPED,WEST
206,320,2025-12-28 04:19:01,DELIVERED,NORTH
207,534,2024-04-04 20:52:58,DELIVERED,SOUTH
208,54,2025-11-01 19:44:44,RETURNED,SOUTH
209,333,2024-01-12 16:52:56,SHIPPED,NORTH
210,249,2024-01-07 22:27:52,DELIVERED,WEST
211,159,2024-10-15 11:22:22,SHIPPED,WEST
212,347,2025-12-24 00:16:44,DELIVERED,NORTH
213,158,2025-06-28 17:42:14,PLACED,WEST
214,356,2025-09-17 16:04:52,DELIVERED,NORTH
215,367,2025-07-16 15:46:44,CANCELLED,WEST
216,302,2025-02-25 13:17:47,SHIPPED,SOUTH
217,332,2025-07-22 20:58:13,CANCELLED,CENTRAL
218,165,2024-02-23 11:57:09,DELIVERED,EAST
219,465,2024-01-01 13:25:06,DELIVERED,SOUTH
220,373,2025-08-25 17:59:50,DELIVERED,NORTH
221,397,2024-05-27 11:25:23,DELIVERED,CENTRAL
222,290,2024-09-07 13:42:02,DELIVERED,NORTH
223,69,2024-02-04 00:04:02,PLACED,NORTH
224,498,28-05-2024,DELIVERED,WEST
225,539,2025-04-29 15:39:10,SHIPPED,EAST
226,73,2024-01-11 03:56:33,SHIPPED,WEST
227,82,2024-12-29 13:15:17,PLACED,CENTRAL
228,426,2025-09-30 11:41:05,DELIVERED,CENTRAL
229,42,24-07-2025,DELIVERED,SOUTH
230,100,2024-03-19 14:58:22,DELIVERED,SOUTH
231,255,2025-03-18 18:05:09,SHIPPED,CENTRAL
232,109,2025-08-18 04:33:29,DELIVERED,WEST
233,438,2025-11-16 17:01:57,DELIVERED,CENTRAL
234,346,2025-05-25 17:16:57,RETURNED,WEST
235,323,2025-03-03 06:15:33,DELIVERED,EAST
236,441,2025-10-03 16:38:41,DELIVERED,CENTRAL
237,385,2025-08-17 17:50:08,DELIVERED,EAST
238,459,04-11-2024,PLACED,EAST
239,531,2024-04-14 22:10:48,DELIVERED,EAST
240,220,2025-10-26 15:47:05,DELIVERED,EAST
241,524,2025-03-08 02:36:50,DELIVERED,NORTH
242,,2024-10-03 05:54:13,SHIPPED,CENTRAL
243,263,2025-09-21 23:31:10,DELIVERED,CENTRAL
244,80,2025-07-16 00:31:07,DELIVERED,WEST
245,98,2025-04-07 07:54:49,PLACED,CENTRAL
246,58,2025-12-17 00:55:48,DELIVERED,WEST
247,124,2025-11-06 13:59:44,DELIVERED,CENTRAL
248,392,2024-02-12 01:01:05,PLACED,CENTRAL
249,335,2025-01-25 05:26:41,SHIPPED,WEST
250,517,2024-03-10 23:16:04,SHIPPED,WEST
251,345,2024-03-05 02:45:08,DELIVERED,CENTRAL
252,88,2024-11-05 13:04:56,DELIVERED,SOUTH
253,493,2025-03-10 10:02:11,DELIVERED,CENTRAL
254,537,2024-07-10 06:21:18,SHIPPED,WEST
255,92,2024-03-28 09:42:31,DELIVERED,EAST
256,353,2025-04-06 06:40:20,DELIVERED,SOUTH
257,453,2025-04-29 00:57:26,PLACED,SOUTH
258,383,2024-05-01 03:53:13,CANCELLED,NORTH
259,249,2025-04-27 08:19:28,CANCELLED,EAST
260,,2025-06-22 21:16:49,DELIVERED,WEST
261,,2024-06-11 08:13:12,SHIPPED,CENTRAL
262,265,2025-03-02 06:22:28,DELIVERED,SOUTH
263,19,2024-10-19 12:27:25,DELIVERED,NORTH
264,62,2024-08-08 14:23:46,DELIVERED,EAST
265,9,2024-02-21 17:28:22,SHIPPED,EAST
266,20,2024-08-15 04:30:45,DELIVERED,SOUTH
267,521,05-07-2025,DELIVERED,CENTRAL
268,191,2024-06-03 11:18:08,DELIVERED,NORTH
269,,2025-12-17 08:21:39,DELIVERED,WEST
270,19,2024-09-26 08:26:45,DELIVERED,EAST
271,514,2024-08-02 06:44:37,DELIVERED,WEST
272,31,2025-03-07 00:49:09,SHIPPED,EAST
273,141,2024-03-09 04:37:03,DELIVERED,CENTRAL
274,233,2024-11-20 03:39:26,SHIPPED,EAST
275,338,2024-12-14 21:07:13,SHIPPED,SOUTH
276,208,2025-10-31 23:47:58,DELIVERED,CENTRAL
277,441,2025-12-07 01:01:37,PLACED,CENTRAL
278,326,2024-02-22 16:08:43,RETURNED,NORTH
279,150,18-07-2025,DELIVERED,WEST
280,311,2024-12-10 02:12:07,CANCELLED,EAST
281,193,2024-03-23 22:21:49,PLACED,CENTRAL
282,237,2025-04-08 04:58:08,DELIVERED,EAST
283,489,2024-04-14 03:33:21,DELIVERED,EAST
284,397,2025-01-16 17:12:35,SHIPPED,SOUTH
285,,2025-08-16 20:02:13,RETURNED,WEST
286,208,2025-08-11 13:58:46,SHIPPED,WEST
287,502,2025-06-18 06:41:24,DELIVERED,SOUTH
288,43,2025-04-17 04:38:08,DELIVERED,EAST
289,550,2025-02-11 23:00:24,DELIVERED,NORTH
290,463,2024-12-20 21:14:28,PLACED,SOUTH
291,406,25-07-2025,DELIVERED,NORTH
292,451,2024-11-05 04:00:04,DELIVERED,EAST
293,433,2024-08-16 16:22:53,PLACED,CENTRAL
294,475,2025-10-06 14:20:10,PLACED,CENTRAL
295,139,2024-11-01 07:17:40,DELIVERED,SOUTH
296,207,2025-11-16 11:53:43,SHIPPED,SOUTH
297,127,2024-03-11 19:55:40,DELIVERED,EAST
298,394,2025-07-18 13:54:37,DELIVERED,SOUTH
299,390,2024-02-04 02:28:07,RETURNED,CENTRAL
300,154,2024-05-05 22:12:43,SHIPPED,NORTH
301,317,2025-07-21 03:12:05,DELIVERED,SOUTH
302,135,06-06-2024,DELIVERED,NORTH
303,511,2025-02-26 03:35:45,DELIVERED,WEST
304,488,2024-12-18 10:17:54,PLACED,CENTRAL
305,,2025-11-16 04:48:03,DELIVERED,CENTRAL
306,213,2024-02-07 23:54:45,PLACED,EAST
307,,25-10-2025,DELIVERED,CENTRAL
308,90,2024-02-08 02:00:39,RETURNED,SOUTH
309,182,2024-12-19 16:06:44,DELIVERED,NORTH
310,307,2024-09-07 17:50:07,DELIVERED,NORTH
311,67,2024-08-15 10:47:50,PLACED,EAST
312,424,2025-02-11 12:06:51,SHIPPED,NORTH
313,542,2024-03-09 02:16:56,DELIVERED,EAST
314,325,2024-07-20 16:24:50,RETURNED,EAST
315,509,2025-02-07 16:01:05,DELIVERED,SOUTH
316,239,2025-07-04 09:01:13,SHIPPED,NORTH
317,,2025-04-30 19:25:59,DELIVERED,SOUTH
318,425,17-11-2024,DELIVERED,SOUTH
319,,2024-06-05 06:24:00,SHIPPED,NORTH
320,519,2025-03-03 04:37:25,PLACED,EAST
321,30,2025-10-08 06:24:05,DELIVERED,EAST
322,491,2025-12-12 14:31:01,PLACED,SOUTH
323,472,2025-11-23 21:10:20,CANCELLED,WEST
324,424,2025-12-21 15:15:31,CANCELLED,EAST
325,324,2025-03-07 05:15:11,SHIPPED,EAST
326,363,2024-02-21 10:18:01,SHIPPED,NORTH
327,385,2025-05-01 15:00:31,SHIPPED,CENTRAL
328,120,2025-11-02 13:11:40,DELIVERED,EAST
329,279,17-11-2024,CANCELLED,EAST
330,310,2024-06-16 21:08:21,SHIPPED,EAST
331,207,10-12-2025,DELIVERED,WEST
332,158,2024-05-27 17:48:09,DELIVERED,CENTRAL
333,336,2024-04-21 07:12:47,PLACED,CENTRAL
334,136,2024-06-08 08:57:53,DELIVERED,CENTRAL
335,319,25-12-2025,CANCELLED,NORTH
336,48,2024-03-21 01:58:33,DELIVERED,EAST
337,,2025-08-12 03:20:58,CANCELLED,EAST
338,294,2024-08-02 21:07:16,DELIVERED,NORTH
339,162,2024-07-31 12:57:40,RETURNED,CENTRAL
340,212,2025-02-25 09:28:05,DELIVERED,SOUTH
341,291,2025-03-21 21:40:54,PLACED,CENTRAL
342,455,2024-02-09 09:36:16,DELIVERED,NORTH
343,56,2024-03-07 21:23:07,SHIPPED,CENTRAL
344,457,2025-04-23 16:57:02,DELIVERED,SOUTH
345,547,2024-03-02 00:11:46,DELIVERED,WEST
346,96,2025-09-23 08:38:28,DELIVERED,NORTH
347,477,2024-12-31 11:36:39,SHIPPED,CENTRAL
348,373,2024-10-31 12:50:36,RETURNED,EAST
349,333,2024-12-18 01:48:31,PLACED,NORTH
350,473,2025-10-18 22:13:33,DELIVERED,CENTRAL
351,521,2024-03-20 22:47:43,DELIVERED,NORTH
352,73,2025-09-07 11:59:00,DELIVERED,CENTRAL
353,250,2025-03-01 14:30:36,DELIVERED,NORTH
354,442,2025-09-01 04:40:19,DELIVERED,EAST
355,242,2024-05-14 10:32:48,PLACED,CENTRAL
356,118,2025-04-04 22:43:15,DELIVERED,NORTH
357,181,2024-08-27 06:12:07,PLACED,NORTH
358,389,2024-09-11 07:19:55,DELIVERED,NORTH
359,143,2025-11-20 03:45:13,DELIVERED,NORTH
360,153,2024-12-17 20:03:18,DELIVERED,CENTRAL
361,211,2025-06-13 08:23:37,SHIPPED,EAST
362,446,2025-07-11 12:35:53,DELIVERED,NORTH
363,523,2024-11-09 22:47:09,CANCELLED,NORTH
364,55,2024-01-01 15:43:13,CANCELLED,EAST
365,289,03-11-2025,DELIVERED,CENTRAL
366,326,2025-07-06 20:25:21,DELIVERED,CENTRAL
367,178,2025-01-03 20:14:41,DELIVERED,EAST
368,158,2024-08-12 01:29:12,DELIVERED,SOUTH
369,,18-05-2025,DELIVERED,WEST
370,140,2024-03-06 18:14:27,CANCELLED,WEST
371,436,2025-04-29 02:11:37,DELIVERED,CENTRAL
372,394,2024-10-02 23:24:24,DELIVERED,NORTH
373,243,2025-07-07 03:03:55,DELIVERED,CENTRAL
374,35,2024-01-30 09:51:19,DELIVERED,NORTH
375,82,2024-04-20 08:42:09,DELIVERED,EAST
376,81,2025-02-10 12:04:39,PLACED,WEST
377,80,2025-06-15 08:03:50,DELIVERED,EAST
378,352,2025-02-19 13:44:34,DELIVERED,CENTRAL
379,340,2024-11-23 00:18:32,RETURNED,EAST
380,37,2025-06-23 20:41:33,DELIVERED,CENTRAL
381,485,2025-03-25 01:19:51,PLACED,EAST
382,28,2024-08-10 18:37:52,PLACED,NORTH
383,285,2024-07-14 18:34:14,SHIPPED,EAST
384,,2024-03-27 15:25:53,RETURNED,SOUTH
385,379,2025-09-19 11:14:31,DELIVERED,SOUTH
386,541,31-10-2025,RETURNED,SOUTH
387,158,2025-10-12 14:15:38,RETURNED,WEST
388,451,2025-07-17 21:36:14,SHIPPED,EAST
389,271,2025-08-09 19:14:28,PLACED,WEST
390,309,2025-01-04 22:14:46,DELIVERED,CENTRAL
391,400,2025-01-03 14:59:27,DELIVERED,WEST
392,,2025-12-21 04:40:50,DELIVERED,EAST
393,43,2024-03-16 15:00:08,DELIVERED,WEST
394,280,2024-09-17 04:14:42,CANCELLED,EAST
395,401,2024-12-24 03:41:13,DELIVERED,CENTRAL
396,533,2024-09-19 01:42:53,RETURNED,EAST
397,9,07-10-2025,DELIVERED,CENTRAL
398,457,2024-09-30 00:44:27,SHIPPED,SOUTH
399,,26-04-2025,RETURNED,SOUTH
400,125,2025-07-03 23:28:35,PLACED,CENTRAL
401,190,2025-11-26 22:40:51,SHIPPED,EAST
402,78,2025-05-11 03:43:54,RETURNED,WEST
403,332,2024-07-18 21:06:06,PLACED,NORTH
404,341,2024-02-16 15:34:27,CANCELLED,SOUTH
405,504,2025-12-22 06:06:11,DELIVERED,WEST
406,442,2024-06-18 15:01:09,PLACED,WEST
407,106,28-01-2024,DELIVERED,EAST
408,20,2025-11-27 08:12:08,DELIVERED,NORTH
409,400,2024-07-25 22:44:09,DELIVERED,WEST
410,528,2025-07-03 14:43:31,DELIVERED,WEST
411,72,2025-02-23 12:43:44,DELIVERED,WEST
412,549,2025-12-27 06:26:58,DELIVERED,EAST
413,93,2024-10-10 18:43:03,RETURNED,NORTH
414,297,2025-05-18 03:43:43,DELIVERED,WEST
415,307,2025-06-24 12:11:09,PLACED,EAST
416,449,2025-07-25 03:26:10,PLACED,NORTH
417,245,2025-01-14 23:57:20,DELIVERED,EAST
418,461,13-01-2024,PLACED,NORTH
419,217,2025-09-18 21:30:12,DELIVERED,CENTRAL
420,239,19-12-2025,DELIVERED,WEST
421,483,2025-12-05 15:02:23,PLACED,SOUTH
422,,06-05-2025,DELIVERED,NORTH
423,175,2025-10-10 20:05:34,CANCELLED,NORTH
424,226,2024-02-19 00:27:27,DELIVERED,WEST
425,141,2024-09-06 18:52:11,DELIVERED,NORTH
426,344,2024-02-19 02:32:29,PLACED,WEST
427,379,2025-03-05 20:16:04,SHIPPED,CENTRAL
428,,2024-03-18 15:32:08,DELIVERED,WEST
429,17,2025-11-14 05:26:04,PLACED,SOUTH
430,291,2024-11-19 06:56:41,DELIVERED,WEST
431,212,2024-04-21 03:21:03,DELIVERED,WEST
432,179,2025-04-19 05:15:10,DELIVERED,WEST
433,91,2025-05-02 03:41:59,DELIVERED,WEST
434,,2024-07-02 00:37:46,RETURNED,NORTH
435,520,2024-06-19 07:36:12,DELIVERED,SOUTH
436,199,2024-03-28 12:29:27,DELIVERED,WEST
437,164,2025-06-04 12:21:50,PLACED,EAST
438,446,2024-07-14 06:05:45,CANCELLED,WEST
439,,29-07-2025,DELIVERED,SOUTH
440,497,2025-02-03 22:30:03,CANCELLED,WEST
441,334,2024-11-21 11:57:41,DELIVERED,EAST
442,113,2024-09-10 07:32:43,SHIPPED,WEST
443,385,2025-11-23 08:15:02,DELIVERED,WEST
444,447,2024-04-22 13:54:04,DELIVERED,SOUTH
445,140,2024-12-21 12:53:44,DELIVERED,EAST
446,131,2024-01-25 22:17:11,PLACED,SOUTH
447,477,2024-12-22 04:31:50,DELIVERED,SOUTH
448,161,2025-09-05 06:13:19,RETURNED,SOUTH
449,236,2024-03-08 03:59:54,DELIVERED,SOUTH
450,474,04-08-2024,DELIVERED,SOUTH
451,445,2025-03-26 02:02:54,RETURNED,SOUTH
452,6,2024-11-20 11:49:54,PLACED,WEST
453,517,2024-01-27 02:43:57,DELIVERED,NORTH
454,247,2024-03-05 12:56:17,PLACED,WEST
455,136,2024-10-05 09:09:58,DELIVERED,NORTH
456,,2025-06-03 15:43:39,DELIVERED,CENTRAL
457,25,2024-12-19 06:50:49,PLACED,WEST
458,380,2025-05-01 20:36:11,DELIVERED,NORTH
459,341,16-02-2025,DELIVERED,EAST
460,213,2025-09-03 19:38:24,DELIVERED,EAST
461,57,2025-02-03 19:23:00,DELIVERED,NORTH
462,375,2024-12-27 10:48:22,DELIVERED,SOUTH
463,69,2025-03-11 13:17:26,SHIPPED,EAST
464,117,2025-05-19 02:57:09,RETURNED,CENTRAL
465,215,2025-08-08 00:10:17,SHIPPED,EAST
466,516,2025-06-12 08:20:43,PLACED,EAST
467,498,2025-01-24 11:42:26,PLACED,CENTRAL
468,546,2025-11-29 14:59:08,DELIVERED,NORTH
469,469,08-03-2024,CANCELLED,EAST
470,79,2024-03-25 22:42:35,PLACED,SOUTH
471,210,2025-02-08 10:19:15,PLACED,WEST
472,136,2025-01-03 02:13:40,DELIVERED,NORTH
473,65,2024-01-18 02:47:32,SHIPPED,CENTRAL
474,422,2025-03-25 11:50:08,DELIVERED,EAST
475,543,2025-10-15 22:18:00,DELIVERED,CENTRAL
476,314,2024-05-13 09:24:43,SHIPPED,EAST
477,49,2024-04-25 05:13:37,DELIVERED,SOUTH
478,165,2025-07-06 21:08:26,SHIPPED,SOUTH
479,158,2024-05-05 06:00:20,PLACED,EAST
480,452,2024-07-21 06:20:31,SHIPPED,NORTH
481,353,2024-04-24 21:52:48,DELIVERED,SOUTH
482,125,15-12-2025,RETURNED,SOUTH
483,328,01-05-2024,DELIVERED,CENTRAL
484,303,2025-01-03 02:20:06,RETURNED,CENTRAL
485,453,2024-09-20 01:32:07,DELIVERED,NORTH
486,120,27-08-2024,DELIVERED,SOUTH
487,95,10-09-2024,DELIVERED,CENTRAL
488,285,01-06-2024,DELIVERED,WEST
489,90,2025-02-01 12:24:39,DELIVERED,CENTRAL
490,58,2025-12-06 14:40:42,DELIVERED,WEST
491,382,2024-01-10 11:15:10,DELIVERED,WEST
492,90,2024-06-16 12:50:56,DELIVERED,WEST
493,296,2024-05-07 05:16:23,RETURNED,WEST
494,425,2024-04-18 09:43:48,DELIVERED,SOUTH
495,487,2025-11-04 19:51:12,DELIVERED,CENTRAL
496,91,2024-01-06 03:23:04,RETURNED,WEST
497,474,2025-07-05 15:57:49,RETURNED,SOUTH
498,391,2024-08-12 19:59:04,PLACED,EAST
499,312,2025-01-18 18:42:02,DELIVERED,NORTH
500,158,2024-07-23 00:39:16,DELIVERED,WEST
501,295,2024-11-20 00:21:57,RETURNED,SOUTH
502,,2025-08-16 23:23:00,RETURNED,NORTH
503,371,2025-03-27 07:51:03,DELIVERED,EAST
504,488,2025-06-23 05:39:59,DELIVERED,CENTRAL
505,,2024-07-20 14:07:25,PLACED,EAST
506,139,2024-10-04 14:08:52,SHIPPED,WEST
507,365,2024-02-07 20:06:41,DELIVERED,NORTH
508,188,16-08-2025,DELIVERED,CENTRAL
509,324,2025-10-04 05:04:44,DELIVERED,EAST
510,372,2024-03-15 10:27:51,DELIVERED,SOUTH
511,,2025-02-06 11:24:10,DELIVERED,WEST
512,167,2024-03-20 13:12:26,DELIVERED,SOUTH
513,539,2025-10-19 03:52:59,DELIVERED,NORTH
514,79,2024-03-31 12:56:28,RETURNED,WEST
515,372,2024-04-17 23:24:30,CANCELLED,CENTRAL
516,351,2024-05-13 18:10:26,PLACED,NORTH
517,146,2025-06-18 10:07:43,PLACED,SOUTH
518,436,2025-06-20 13:47:00,PLACED,NORTH
519,442,2024-02-03 00:34:23,PLACED,CENTRAL
520,481,2024-04-02 08:52:14,PLACED,EAST
521,99,2025-08-30 16:26:56,DELIVERED,CENTRAL
522,190,2025-06-04 20:54:07,PLACED,EAST
523,357,2024-09-30 13:32:41,DELIVERED,CENTRAL
524,70,2024-03-17 23:27:49,DELIVERED,CENTRAL
525,197,2024-08-06 22:11:29,DELIVERED,NORTH
526,102,2025-12-18 20:56:06,DELIVERED,WEST
527,190,2024-12-07 11:57:54,PLACED,EAST
528,435,2024-06-15 10:21:24,DELIVERED,EAST
529,113,2025-02-07 16:25:27,DELIVERED,EAST
530,42,2024-03-04 21:12:46,PLACED,EAST
531,320,2025-06-17 15:28:33,DELIVERED,CENTRAL
532,439,2024-05-26 15:12:25,CANCELLED,WEST
533,377,19-05-2024,DELIVERED,NORTH
534,536,2025-05-26 12:13:45,PLACED,WEST
535,105,2025-07-29 21:17:49,RETURNED,NORTH
536,204,2024-09-20 00:33:05,CANCELLED,WEST
537,435,2025-07-17 06:43:01,DELIVERED,CENTRAL
538,410,2024-10-03 14:08:05,DELIVERED,WEST
539,524,2024-08-04 14:53:53,DELIVERED,NORTH
540,510,2024-06-28 06:49:48,PLACED,NORTH
541,70,2025-01-21 21:54:27,RETURNED,WEST
542,335,2024-04-28 15:13:03,DELIVERED,NORTH
543,533,2025-08-19 04:34:52,DELIVERED,EAST
544,503,2025-01-27 02:03:22,DELIVERED,CENTRAL
545,33,2024-11-30 07:21:24,PLACED,WEST
546,386,2024-12-09 17:50:40,PLACED,CENTRAL
547,311,2025-11-18 04:00:27,DELIVERED,SOUTH
548,399,2025-01-13 14:49:06,DELIVERED,WEST
549,482,2025-01-04 15:37:30,SHIPPED,NORTH
550,507,2025-04-04 01:52:46,DELIVERED,EAST
551,292,05-09-2024,DELIVERED,SOUTH
552,358,2025-09-20 19:10:10,PLACED,EAST
553,439,2024-09-25 01:55:56,DELIVERED,NORTH
554,254,2024-07-01 05:40:21,DELIVERED,NORTH
555,118,2024-09-19 05:12:47,DELIVERED,NORTH
556,433,2025-03-17 05:12:30,DELIVERED,NORTH
557,23,2024-09-02 20:15:17,DELIVERED,CENTRAL
558,501,2024-03-18 17:11:30,SHIPPED,WEST
559,348,2024-05-09 10:09:23,DELIVERED,WEST
560,78,2025-10-14 17:49:39,SHIPPED,EAST
561,,2025-03-21 11:12:02,SHIPPED,NORTH
562,98,2025-04-04 17:09:24,PLACED,CENTRAL
563,215,2024-09-26 18:26:54,DELIVERED,EAST
564,308,2024-12-02 06:02:10,DELIVERED,WEST
565,528,2024-12-18 00:47:36,DELIVERED,NORTH
566,529,2025-11-01 02:04:35,DELIVERED,WEST
567,546,2025-09-20 07:36:46,DELIVERED,WEST
568,62,2025-02-09 15:48:38,DELIVERED,SOUTH
569,308,2025-10-17 15:34:28,DELIVERED,NORTH
570,423,2024-07-26 08:01:28,DELIVERED,EAST
571,242,2024-11-11 05:53:22,PLACED,NORTH
572,318,2024-12-26 12:33:50,RETURNED,WEST
573,38,2024-06-05 21:22:33,PLACED,EAST
574,285,2025-05-26 14:30:43,DELIVERED,NORTH
575,498,30-08-2025,CANCELLED,NORTH
576,306,04-11-2025,RETURNED,EAST
577,93,2024-11-04 06:39:35,DELIVERED,SOUTH
578,513,2025-12-25 15:10:38,DELIVERED,CENTRAL
579,538,2024-07-14 14:02:32,PLACED,CENTRAL
580,321,2024-09-12 18:20:03,DELIVERED,SOUTH
581,224,2024-04-22 01:32:06,SHIPPED,EAST
582,261,2025-11-01 05:37:14,DELIVERED,EAST
583,116,2024-09-02 19:48:00,DELIVERED,SOUTH
584,149,2024-10-08 22:46:24,DELIVERED,EAST
585,,2025-12-04 02:41:58,CANCELLED,NORTH
586,246,2024-07-15 11:56:34,DELIVERED,EAST
587,125,2025-02-19 11:27:28,CANCELLED,WEST
588,,2024-11-01 05:35:43,RETURNED,EAST
589,242,2024-08-19 00:21:53,CANCELLED,WEST
590,417,05-09-2025,CANCELLED,WEST
591,423,2025-12-20 15:09:35,DELIVERED,NORTH
592,268,28-01-2025,DELIVERED,CENTRAL
593,465,23-06-2025,PLACED,SOUTH
594,140,2024-01-03 09:20:13,DELIVERED,EAST
595,114,2024-05-02 14:01:24,DELIVERED,SOUTH
596,421,2025-09-07 15:55:23,DELIVERED,SOUTH
597,336,2025-09-13 00:17:40,PLACED,EAST
598,387,2025-10-10 07:32:42,SHIPPED,NORTH
599,235,05-12-2025,DELIVERED,EAST
600,173,2024-02-08 16:01:18,DELIVERED,EAST
601,377,2024-05-12 03:19:13,PLACED,CENTRAL
602,465,2025-10-04 13:11:47,PLACED,SOUTH
603,273,2024-08-11 16:00:00,DELIVERED,WEST
604,221,2025-10-02 02:07:49,DELIVERED,WEST
605,150,2024-01-23 08:22:11,SHIPPED,CENTRAL
606,255,2024-10-14 02:32:48,DELIVERED,NORTH
607,,2024-04-13 11:07:11,RETURNED,WEST
608,393,2025-07-04 06:31:27,DELIVERED,NORTH
609,61,2024-02-10 11:26:58,SHIPPED,EAST
610,47,2024-01-05 03:56:09,DELIVERED,EAST
611,380,2024-04-12 17:05:58,DELIVERED,CENTRAL
612,174,2025-01-26 06:31:10,DELIVERED,WEST
613,325,2025-07-05 16:07:24,PLACED,NORTH
614,131,2025-01-22 17:57:37,CANCELLED,EAST
615,290,2025-12-02 05:16:30,DELIVERED,EAST
616,447,2025-11-24 08:36:31,DELIVERED,WEST
617,155,2025-03-07 14:31:38,DELIVERED,WEST
618,153,2024-02-12 09:12:20,PLACED,EAST
619,479,2024-12-04 23:38:32,CANCELLED,WEST
620,,2024-10-03 22:00:59,DELIVERED,WEST
621,152,2024-04-06 01:04:55,SHIPPED,EAST
622,173,2025-08-05 11:49:56,SHIPPED,CENTRAL
623,5,2025-02-12 13:38:16,SHIPPED,NORTH
624,511,09-06-2025,DELIVERED,EAST
625,125,2024-11-02 03:51:27,RETURNED,NORTH
626,158,23-01-2024,CANCELLED,WEST
627,276,2025-04-06 12:46:12,DELIVERED,NORTH
628,464,2024-09-09 08:51:47,RETURNED,CENTRAL
629,50,2025-09-14 14:07:24,DELIVERED,NORTH
630,391,2024-03-12 21:16:33,SHIPPED,WEST
631,214,2024-05-06 13:26:04,DELIVERED,SOUTH
632,503,2025-09-14 05:35:39,CANCELLED,EAST
633,135,2024-10-05 21:04:12,CANCELLED,CENTRAL
634,457,2025-11-18 17:17:43,SHIPPED,CENTRAL
635,433,2025-09-21 22:01:50,SHIPPED,WEST
636,526,2024-09-22 10:35:08,DELIVERED,SOUTH
637,540,2025-05-03 23:50:28,PLACED,WEST
638,490,2024-08-21 07:44:10,PLACED,EAST
639,536,2024-11-28 05:29:55,PLACED,NORTH
640,526,2024-03-24 14:24:32,DELIVERED,WEST
641,260,2024-10-03 02:12:38,PLACED,CENTRAL
642,,2025-07-29 04:13:18,SHIPPED,SOUTH
643,47,2024-03-05 16:38:55,DELIVERED,EAST
644,466,2025-08-11 06:06:24,DELIVERED,EAST
645,192,2024-06-12 22:35:58,DELIVERED,CENTRAL
646,109,2024-12-02 22:35:52,PLACED,NORTH
647,,2025-05-24 09:00:58,DELIVERED,CENTRAL
648,311,2025-04-25 09:39:50,DELIVERED,WEST
649,90,2024-04-07 03:50:13,SHIPPED,NORTH
650,193,29-10-2025,DELIVERED,SOUTH
651,447,2025-10-16 01:41:23,DELIVERED,SOUTH
652,475,2024-04-25 02:00:28,PLACED,SOUTH
653,456,2025-01-11 17:55:42,CANCELLED,CENTRAL
654,302,2025-03-18 06:57:11,DELIVERED,EAST
655,,2025-05-04 15:41:30,DELIVERED,WEST
656,298,2024-01-29 18:03:03,DELIVERED,CENTRAL
657,500,2024-06-29 03:02:13,DELIVERED,WEST
658,66,2024-07-27 01:03:53,DELIVERED,WEST
659,356,2024-12-14 05:23:27,PLACED,EAST
660,481,2024-09-24 01:46:47,DELIVERED,CENTRAL
661,348,2025-12-16 22:23:48,CANCELLED,WEST
662,301,2025-07-15 13:36:13,RETURNED,EAST
663,166,2025-04-27 23:58:55,DELIVERED,NORTH
664,133,2024-05-14 14:22:49,DELIVERED,NORTH
665,506,2024-08-23 20:28:53,DELIVERED,NORTH
666,268,2024-10-04 07:46:48,SHIPPED,CENTRAL
667,,2024-02-19 10:48:45,PLACED,SOUTH
668,230,2025-01-12 18:30:22,DELIVERED,EAST
669,274,2025-11-27 04:34:22,DELIVERED,CENTRAL
670,107,02-07-2025,RETURNED,WEST
671,114,2024-03-23 05:58:02,DELIVERED,NORTH
672,43,2025-01-29 00:51:51,DELIVERED,SOUTH
673,161,2025-07-19 17:24:52,DELIVERED,CENTRAL
674,102,2024-04-29 20:16:51,DELIVERED,SOUTH
675,207,2024-12-07 01:34:29,DELIVERED,NORTH
676,486,2024-09-22 02:40:02,SHIPPED,EAST
677,425,2024-10-07 02:52:49,SHIPPED,CENTRAL
678,234,2024-04-17 04:24:02,DELIVERED,WEST
679,529,2025-09-09 04:33:16,RETURNED,WEST
680,11,2025-07-11 09:30:47,RETURNED,NORTH
681,412,2025-08-22 22:04:10,PLACED,NORTH
682,155,2025-12-02 00:01:36,RETURNED,CENTRAL
683,430,2024-11-08 05:52:32,DELIVERED,EAST
684,322,2025-12-07 05:17:29,CANCELLED,CENTRAL
685,151,2025-06-27 22:26:46,DELIVERED,CENTRAL
686,453,2025-06-25 17:48:04,CANCELLED,WEST
687,309,06-03-2024,DELIVERED,SOUTH
688,291,15-06-2024,DELIVERED,CENTRAL
689,164,19-01-2024,DELIVERED,CENTRAL
690,312,2025-07-18 07:06:50,DELIVERED,NORTH
691,266,2025-05-01 23:55:55,PLACED,NORTH
692,6,2024-12-17 23:16:31,SHIPPED,CENTRAL
693,547,2025-10-17 22:32:31,DELIVERED,EAST
694,144,2025-07-08 20:28:02,DELIVERED,NORTH
695,198,2025-10-01 02:54:00,DELIVERED,SOUTH
696,422,04-03-2024,DELIVERED,SOUTH
697,457,2024-03-01 15:22:49,DELIVERED,CENTRAL
698,405,2025-11-08 07:32:02,DELIVERED,WEST
699,502,2025-07-22 08:11:33,CANCELLED,SOUTH
700,497,2025-07-06 08:48:26,RETURNED,CENTRAL
701,121,2025-06-23 09:52:20,DELIVERED,SOUTH
702,379,2025-12-16 21:41:02,DELIVERED,WEST
703,379,2025-03-20 02:28:03,DELIVERED,NORTH
704,384,2024-08-23 13:10:39,PLACED,SOUTH
705,432,2024-02-07 18:55:16,DELIVERED,EAST
706,501,2024-01-02 14:52:52,DELIVERED,NORTH
707,318,2025-03-15 10:36:17,DELIVERED,WEST
708,136,2025-08-14 19:48:01,DELIVERED,WEST
709,153,2025-11-03 21:51:05,PLACED,CENTRAL
710,420,2024-10-27 18:35:09,DELIVERED,CENTRAL
711,,2025-06-04 17:58:44,DELIVERED,NORTH
712,26,2025-03-20 06:45:20,DELIVERED,EAST
713,127,2025-05-15 03:25:49,SHIPPED,CENTRAL
714,55,2025-03-18 22:07:32,DELIVERED,CENTRAL
715,124,2025-05-26 06:45:05,SHIPPED,NORTH
716,211,2024-07-09 12:28:31,CANCELLED,CENTRAL
717,547,2025-04-16 08:35:37,DELIVERED,WEST
718,24,2024-09-21 01:14:58,DELIVERED,CENTRAL
719,264,2024-03-11 16:49:50,PLACED,SOUTH
720,188,2024-07-17 11:52:53,SHIPPED,WEST
721,61,2025-04-22 06:39:07,SHIPPED,NORTH
722,102,2024-09-05 14:00:19,CANCELLED,EAST
723,124,2024-02-10 07:04:41,DELIVERED,CENTRAL
724,521,2025-08-07 09:33:56,RETURNED,EAST
725,476,2025-03-05 14:55:27,DELIVERED,WEST
726,20,2024-07-28 01:30:04,DELIVERED,NORTH
727,129,2024-08-24 14:23:41,DELIVERED,CENTRAL
728,146,2024-10-16 22:54:49,SHIPPED,SOUTH
729,434,2025-12-08 23:27:21,PLACED,WEST
730,297,2025-05-22 05:53:57,PLACED,WEST
731,257,2025-10-14 01:11:07,RETURNED,SOUTH
732,523,06-08-2024,DELIVERED,CENTRAL
733,92,2024-11-03 01:01:02,CANCELLED,CENTRAL
734,443,2024-06-12 18:31:55,RETURNED,EAST
735,351,2025-05-08 08:25:29,DELIVERED,WEST
736,330,2024-09-22 08:26:28,RETURNED,EAST
737,,2025-06-21 08:55:36,RETURNED,CENTRAL
738,10,2025-06-06 12:09:22,DELIVERED,WEST
739,84,2025-09-03 12:25:59,DELIVERED,CENTRAL
740,,2025-10-08 07:10:02,DELIVERED,NORTH
741,386,2025-10-04 17:05:59,DELIVERED,NORTH
742,380,2025-12-28 04:55:29,PLACED,NORTH
743,367,28-05-2024,DELIVERED,EAST
744,227,2024-06-30 22:53:04,RETURNED,NORTH
745,215,2024-01-06 13:00:48,CANCELLED,WEST
746,285,2025-03-18 00:50:04,SHIPPED,SOUTH
747,180,2024-02-20 18:24:37,DELIVERED,SOUTH
748,234,2025-11-15 07:05:16,DELIVERED,SOUTH
749,24,2025-06-22 06:11:30,DELIVERED,CENTRAL
750,3,2025-12-29 11:32:37,DELIVERED,NORTH
751,331,2024-12-01 23:16:56,DELIVERED,NORTH
752,478,2025-01-19 22:10:56,DELIVERED,SOUTH
753,,2025-12-14 08:03:29,DELIVERED,NORTH
754,343,2024-03-04 13:01:42,CANCELLED,SOUTH
755,434,2024-02-27 19:40:08,SHIPPED,EAST
756,100,2024-01-22 15:35:08,CANCELLED,CENTRAL
757,343,2025-10-14 20:11:49,PLACED,SOUTH
758,56,2025-09-30 04:21:50,DELIVERED,NORTH
759,450,16-08-2025,DELIVERED,NORTH
760,63,13-12-2025,DELIVERED,NORTH
761,64,2025-12-14 21:33:36,PLACED,CENTRAL
762,68,2024-03-20 02:12:13,DELIVERED,EAST
763,412,2024-03-15 10:24:19,DELIVERED,CENTRAL
764,11,2024-12-18 04:11:53,DELIVERED,CENTRAL
765,348,2025-05-20 14:03:17,DELIVERED,WEST
766,198,2024-03-24 21:23:19,DELIVERED,NORTH
767,199,2025-12-03 10:40:42,DELIVERED,EAST
768,493,2025-07-16 19:57:08,SHIPPED,SOUTH
769,62,2024-04-09 04:08:30,DELIVERED,EAST
770,150,2024-04-24 11:54:14,DELIVERED,EAST
771,9,2025-02-06 02:15:56,DELIVERED,NORTH
772,56,2024-11-23 19:47:23,RETURNED,SOUTH
773,350,2024-05-27 01:50:37,DELIVERED,WEST
774,340,2025-10-23 18:35:34,RETURNED,CENTRAL
775,337,2024-05-06 01:07:05,CANCELLED,NORTH
776,4,2025-05-11 03:28:51,SHIPPED,CENTRAL
777,493,2025-07-24 13:40:43,CANCELLED,WEST
778,189,2025-10-03 15:19:40,DELIVERED,NORTH
779,118,2024-04-20 14:33:54,SHIPPED,CENTRAL
780,369,2024-02-04 02:26:42,SHIPPED,EAST
781,269,2025-07-12 08:05:12,CANCELLED,SOUTH
782,23,2024-05-16 18:19:15,RETURNED,NORTH
783,141,2024-10-21 07:37:55,CANCELLED,EAST
784,313,2024-12-20 08:15:10,CANCELLED,SOUTH
785,445,2025-11-13 06:20:09,PLACED,SOUTH
786,197,2025-02-17 15:32:21,DELIVERED,CENTRAL
787,251,16-12-2025,DELIVERED,SOUTH
788,302,2025-09-05 06:58:59,SHIPPED,EAST
789,521,2025-03-29 16:04:54,SHIPPED,NORTH
790,67,2024-05-10 01:11:14,DELIVERED,CENTRAL
791,532,2024-12-26 14:34:09,DELIVERED,CENTRAL
792,507,2025-01-02 23:29:31,DELIVERED,CENTRAL
793,213,2024-06-19 12:15:59,DELIVERED,SOUTH
794,314,2024-11-26 03:00:00,DELIVERED,EAST
795,87,2024-04-14 08:05:54,SHIPPED,CENTRAL
796,43,2024-12-27 08:56:47,DELIVERED,WEST
797,419,2024-10-12 10:55:08,DELIVERED,WEST
798,,2024-12-09 01:40:13,DELIVERED,EAST
799,302,2025-10-16 11:15:56,DELIVERED,NORTH
800,234,2024-03-17 10:28:43,DELIVERED,CENTRAL
801,202,2025-06-08 08:54:45,DELIVERED,EAST
802,142,2025-10-26 02:20:25,DELIVERED,EAST
803,,2024-08-20 14:36:10,DELIVERED,WEST
804,13,2025-01-01 14:47:31,RETURNED,SOUTH
805,234,2024-06-25 06:12:46,SHIPPED,SOUTH
806,480,2025-07-15 04:34:08,DELIVERED,NORTH
807,193,2024-11-29 01:16:49,DELIVERED,SOUTH
808,31,2024-10-18 00:55:02,CANCELLED,EAST
809,10,2025-01-23 04:57:04,CANCELLED,EAST
810,436,2025-06-16 15:32:42,DELIVERED,CENTRAL
811,24,2025-03-16 20:24:36,RETURNED,SOUTH
812,339,2025-03-17 07:50:44,DELIVERED,CENTRAL
813,401,2024-10-23 04:17:35,DELIVERED,CENTRAL
814,487,2024-03-25 09:09:56,RETURNED,EAST
815,107,2025-06-08 04:46:41,PLACED,CENTRAL
816,192,03-06-2024,RETURNED,EAST
817,299,2025-05-27 07:16:26,DELIVERED,EAST
818,176,2024-09-10 19:28:22,DELIVERED,SOUTH
819,133,2025-02-20 16:12:32,DELIVERED,WEST
820,212,2024-04-10 22:06:47,DELIVERED,WEST
821,318,2025-04-01 07:38:37,DELIVERED,WEST
822,8,2024-04-20 19:58:17,CANCELLED,CENTRAL
823,539,2024-09-12 10:58:52,CANCELLED,WEST
824,41,26-07-2025,DELIVERED,WEST
825,305,2024-10-30 18:27:10,CANCELLED,SOUTH
826,184,2025-11-30 00:33:23,DELIVERED,WEST
827,188,2025-06-26 13:23:40,DELIVERED,NORTH
828,162,2024-07-31 15:33:34,DELIVERED,NORTH
829,223,2025-12-06 20:04:32,RETURNED,CENTRAL
830,378,2024-02-29 10:41:25,DELIVERED,EAST
831,169,2024-07-15 07:54:40,PLACED,NORTH
832,473,2024-10-23 01:15:17,DELIVERED,SOUTH
833,11,2024-07-13 15:37:46,RETURNED,EAST
834,476,2025-01-11 12:34:01,PLACED,SOUTH
835,449,2024-04-18 22:33:24,SHIPPED,SOUTH
836,19,2025-04-16 11:05:12,SHIPPED,CENTRAL
837,173,2024-03-01 06:17:41,PLACED,EAST
838,367,2024-05-18 05:02:46,PLACED,CENTRAL
839,49,2025-10-11 17:30:41,DELIVERED,NORTH
840,316,10-12-2024,PLACED,WEST
841,256,2024-10-17 23:53:00,SHIPPED,NORTH
842,15,2024-09-18 20:18:34,DELIVERED,NORTH
843,99,2025-09-10 23:44:35,DELIVERED,SOUTH
844,,2025-02-02 01:41:39,DELIVERED,CENTRAL
845,213,2025-12-26 17:07:28,RETURNED,NORTH
846,109,2024-10-03 23:03:52,PLACED,EAST
847,,2024-06-14 06:16:54,PLACED,EAST
848,378,04-02-2024,SHIPPED,EAST
849,512,2024-03-20 01:56:34,DELIVERED,CENTRAL
850,98,2025-04-10 22:20:02,DELIVERED,WEST
851,137,2024-09-14 21:47:46,DELIVERED,EAST
852,494,2024-02-22 10:32:33,DELIVERED,CENTRAL
853,524,2025-05-12 13:29:58,DELIVERED,NORTH
854,128,2024-08-27 21:21:20,DELIVERED,SOUTH
855,62,2024-04-16 20:13:12,SHIPPED,SOUTH
856,39,2024-07-03 21:50:02,DELIVERED,WEST
857,337,2024-04-14 06:55:06,DELIVERED,NORTH
858,425,2025-05-18 08:27:39,DELIVERED,SOUTH
859,340,2024-09-23 04:55:14,DELIVERED,SOUTH
860,228,2025-04-17 07:07:10,DELIVERED,SOUTH
861,7,2024-02-20 04:32:45,PLACED,SOUTH
862,145,2025-12-29 18:42:17,PLACED,CENTRAL
863,210,2024-07-02 13:08:24,DELIVERED,WEST
864,203,2024-07-09 05:43:55,DELIVERED,EAST
865,460,2025-05-08 16:30:47,CANCELLED,WEST
866,369,2024-11-05 07:48:54,DELIVERED,WEST
867,444,2025-08-13 13:28:31,RETURNED,WEST
868,,2024-10-23 06:10:16,PLACED,EAST
869,157,2025-03-05 09:54:38,SHIPPED,WEST
870,291,2024-10-18 09:14:41,DELIVERED,EAST
871,481,2024-06-01 00:24:21,SHIPPED,NORTH
872,384,2025-01-16 17:21:40,DELIVERED,WEST
873,383,2024-10-25 06:58:35,DELIVERED,CENTRAL
874,40,2025-12-16 19:55:47,RETURNED,SOUTH
875,447,2024-07-17 06:21:42,DELIVERED,EAST
876,501,2025-05-08 04:52:49,DELIVERED,WEST
877,253,2024-07-07 05:47:05,RETURNED,EAST
878,29,2025-06-25 17:48:34,PLACED,CENTRAL
879,151,2024-07-16 12:16:21,DELIVERED,SOUTH
880,,21-08-2025,DELIVERED,WEST
881,83,2025-02-06 18:13:51,CANCELLED,SOUTH
882,259,2025-06-21 08:46:21,RETURNED,WEST
883,422,2025-08-07 10:54:46,DELIVERED,NORTH
884,353,2025-09-24 10:18:37,DELIVERED,WEST
885,7,2024-05-10 19:10:44,PLACED,NORTH
886,428,2025-02-11 18:00:02,SHIPPED,WEST
887,384,2024-05-24 18:44:54,SHIPPED,SOUTH
888,113,2024-12-16 00:55:33,SHIPPED,SOUTH
889,188,2025-09-20 12:10:58,SHIPPED,WEST
890,112,2025-11-05 11:26:26,PLACED,NORTH
891,284,2024-02-19 21:56:19,DELIVERED,WEST
892,104,08-01-2024,DELIVERED,NORTH
893,43,2024-03-16 05:15:46,DELIVERED,WEST
894,273,2025-12-25 00:07:56,DELIVERED,CENTRAL
895,380,2025-06-13 14:47:29,RETURNED,SOUTH
896,409,2024-10-20 22:33:09,RETURNED,EAST
897,4,2024-12-20 21:35:32,DELIVERED,SOUTH
898,,2024-04-05 10:55:12,SHIPPED,SOUTH
899,487,2025-02-03 22:41:33,SHIPPED,EAST
900,,2024-10-06 18:43:09,RETURNED,EAST
901,240,2025-04-16 06:52:56,DELIVERED,NORTH
902,488,2025-05-26 08:19:42,RETURNED,WEST
903,200,2025-07-06 23:33:37,DELIVERED,CENTRAL
904,517,2024-01-25 15:47:01,DELIVERED,EAST
905,479,2024-05-10 12:43:55,RETURNED,WEST
906,247,2024-07-08 00:29:04,DELIVERED,NORTH
907,30,2024-05-04 11:00:07,DELIVERED,WEST
908,226,2025-07-12 14:23:36,DELIVERED,NORTH
909,548,2025-05-07 02:11:39,PLACED,EAST
910,67,2025-05-15 04:46:45,RETURNED,WEST
911,448,2025-09-19 22:33:12,SHIPPED,EAST
912,92,2024-09-21 06:29:35,RETURNED,NORTH
913,131,2025-10-24 19:13:47,DELIVERED,NORTH
914,549,2024-05-27 11:12:12,RETURNED,EAST
915,130,2025-02-07 16:52:04,DELIVERED,NORTH
916,472,2024-09-02 09:17:30,RETURNED,SOUTH
917,467,2024-04-24 12:12:28,PLACED,NORTH
918,317,2025-01-25 05:00:16,PLACED,CENTRAL
919,221,2025-01-19 11:56:40,RETURNED,NORTH
920,342,2024-04-28 14:34:33,SHIPPED,SOUTH
921,54,2025-12-18 00:54:34,SHIPPED,WEST
922,307,2025-09-25 00:55:40,CANCELLED,NORTH
923,346,2024-11-24 02:48:18,RETURNED,WEST
924,541,2025-07-18 11:41:15,DELIVERED,SOUTH
925,404,2024-03-16 14:10:05,DELIVERED,CENTRAL
926,56,2025-10-22 01:36:04,DELIVERED,SOUTH
927,453,2025-06-24 13:33:04,CANCELLED,SOUTH
928,201,2025-07-25 03:20:15,DELIVERED,CENTRAL
929,152,2024-10-19 11:30:31,DELIVERED,SOUTH
930,99,2024-10-03 04:33:48,SHIPPED,NORTH
931,528,2025-05-19 22:42:05,DELIVERED,SOUTH
932,414,09-07-2024,SHIPPED,WEST
933,177,2025-05-22 01:01:02,DELIVERED,NORTH
934,392,2024-08-01 18:23:55,DELIVERED,NORTH
935,85,2024-04-04 19:12:21,DELIVERED,CENTRAL
936,492,2024-07-31 14:36:00,PLACED,CENTRAL
937,496,2025-05-15 16:09:08,SHIPPED,SOUTH
938,66,2025-07-08 09:36:09,DELIVERED,SOUTH
939,21,2024-11-01 20:53:58,DELIVERED,CENTRAL
940,532,2025-10-12 05:29:38,DELIVERED,NORTH
941,213,2025-05-26 12:51:55,SHIPPED,CENTRAL
942,6,2025-03-06 20:45:47,DELIVERED,NORTH
943,212,2025-05-21 22:06:02,DELIVERED,NORTH
944,128,2025-01-28 03:17:18,RETURNED,SOUTH
945,1,2024-07-11 21:20:19,RETURNED,CENTRAL
946,301,2025-05-26 23:35:16,PLACED,WEST
947,536,2025-12-08 10:13:42,DELIVERED,CENTRAL
948,102,2025-05-29 16:04:33,SHIPPED,SOUTH
949,221,2024-04-14 05:49:06,SHIPPED,EAST
950,433,2024-02-27 18:09:52,SHIPPED,SOUTH
951,86,2024-07-16 10:14:50,RETURNED,SOUTH
952,73,2025-05-04 00:00:06,RETURNED,SOUTH
953,524,2025-04-14 20:59:11,CANCELLED,EAST
954,445,21-10-2024,DELIVERED,NORTH
955,545,2024-03-26 10:21:52,DELIVERED,EAST
956,372,2025-12-07 05:33:45,SHIPPED,SOUTH
957,101,2024-10-19 22:41:49,SHIPPED,NORTH
958,127,2024-05-16 11:52:12,CANCELLED,CENTRAL
959,502,2024-03-15 05:00:18,DELIVERED,EAST
960,102,27-11-2025,DELIVERED,WEST
961,545,2025-03-04 11:54:20,CANCELLED,WEST
962,266,2024-01-08 09:02:44,DELIVERED,SOUTH
963,274,2024-02-11 01:28:04,DELIVERED,EAST
964,256,2025-06-10 18:50:53,DELIVERED,SOUTH
965,363,2025-09-12 04:32:20,SHIPPED,WEST
966,235,2024-08-25 01:06:21,PLACED,EAST
967,321,18-10-2025,PLACED,SOUTH
968,170,22-03-2025,DELIVERED,CENTRAL
969,11,2024-11-25 07:37:39,RETURNED,SOUTH
970,528,2025-06-16 03:35:49,CANCELLED,NORTH
971,195,2025-12-08 12:09:11,PLACED,WEST
972,354,2024-07-08 16:42:25,DELIVERED,CENTRAL
973,44,2025-04-16 18:15:48,SHIPPED,CENTRAL
974,180,2024-02-28 08:22:57,PLACED,EAST
975,433,2025-01-19 20:56:09,DELIVERED,NORTH
976,256,2025-10-08 00:30:14,DELIVERED,NORTH
977,495,2024-08-16 00:04:34,PLACED,CENTRAL
978,313,2025-12-22 15:50:49,DELIVERED,NORTH
979,500,2024-02-14 15:49:00,DELIVERED,EAST
980,110,2024-01-05 00:05:06,DELIVERED,WEST
981,104,2024-11-30 14:45:54,PLACED,CENTRAL
982,421,2024-04-06 04:35:39,PLACED,EAST
983,405,2024-10-17 17:38:03,DELIVERED,SOUTH
984,276,2024-03-25 10:13:17,DELIVERED,WEST
985,363,2025-08-03 06:47:14,DELIVERED,SOUTH
986,292,2024-02-01 06:25:55,DELIVERED,EAST
987,165,2025-06-01 10:57:28,DELIVERED,EAST
988,501,2025-03-03 07:02:54,DELIVERED,SOUTH
989,410,2025-01-24 19:19:19,DELIVERED,WEST
990,111,07-09-2025,SHIPPED,CENTRAL
991,,2025-06-15 14:50:34,DELIVERED,EAST
992,9,2024-12-03 08:28:13,SHIPPED,NORTH
993,254,2025-04-24 17:08:37,DELIVERED,SOUTH
994,118,2025-11-02 05:14:12,DELIVERED,WEST
995,106,2025-06-28 14:17:21,DELIVERED,SOUTH
996,153,2024-06-27 04:01:52,DELIVERED,EAST
997,150,27-11-2024,SHIPPED,NORTH
998,538,2024-08-26 00:33:59,RETURNED,SOUTH
999,491,2024-02-17 15:38:30,DELIVERED,EAST
1000,373,2024-08-05 21:56:30,DELIVERED,SOUTH
1001,49,21-05-2024,PLACED,EAST
1002,484,2024-08-05 14:32:55,PLACED,SOUTH
1003,504,2024-10-09 09:38:44,PLACED,NORTH
1004,134,2024-09-14 06:14:03,CANCELLED,CENTRAL
1005,381,2024-07-04 01:20:35,SHIPPED,WEST
1006,109,2024-04-11 08:25:27,DELIVERED,NORTH
1007,196,2024-05-29 20:25:45,RETURNED,NORTH
1008,352,2024-08-22 03:55:39,RETURNED,SOUTH
1009,158,2024-02-04 00:41:53,DELIVERED,EAST
1010,356,2025-11-26 02:23:16,DELIVERED,NORTH
1011,70,2025-01-10 00:25:43,RETURNED,CENTRAL
1012,171,2025-04-10 09:02:01,RETURNED,EAST
1013,,15-03-2025,RETURNED,SOUTH
1014,408,2025-01-19 11:57:05,CANCELLED,NORTH
1015,522,2024-10-25 09:04:58,DELIVERED,CENTRAL
1016,189,2024-01-03 19:07:08,SHIPPED,NORTH
1017,526,2024-12-19 18:02:07,DELIVERED,EAST
1018,226,2024-08-18 04:37:10,DELIVERED,SOUTH
1019,547,2024-07-04 00:40:57,DELIVERED,EAST
1020,277,2025-11-09 09:02:10,DELIVERED,SOUTH
1021,216,2025-02-19 05:34:18,DELIVERED,CENTRAL
1022,333,2024-03-05 15:49:14,CANCELLED,EAST
1023,419,2025-11-28 18:11:32,DELIVERED,NORTH
1024,11,2025-10-01 23:12:06,DELIVERED,EAST
1025,17,2025-02-21 09:39:04,CANCELLED,CENTRAL
1026,392,2025-05-22 20:10:34,DELIVERED,CENTRAL
1027,453,2024-06-20 09:00:35,SHIPPED,WEST
1028,238,2025-07-20 20:40:47,DELIVERED,WEST
1029,186,2024-12-22 19:39:08,CANCELLED,SOUTH
1030,185,2025-05-17 23:28:22,DELIVERED,SOUTH
1031,193,2024-02-23 22:43:07,DELIVERED,WEST
1032,413,2024-03-18 20:29:36,PLACED,NORTH
1033,387,25-10-2024,CANCELLED,NORTH
1034,86,2024-07-26 21:28:42,DELIVERED,NORTH
1035,10,2025-09-06 21:37:30,DELIVERED,EAST
1036,88,2024-06-06 03:32:55,DELIVERED,WEST
1037,315,2024-09-14 16:23:09,SHIPPED,CENTRAL
1038,127,2024-01-17 11:20:38,PLACED,EAST
1039,426,20-04-2024,SHIPPED,SOUTH
1040,151,2024-10-01 10:10:26,SHIPPED,WEST
1041,116,2025-01-17 00:12:00,PLACED,NORTH
1042,289,04-10-2024,DELIVERED,EAST
1043,87,26-11-2025,SHIPPED,WEST
1044,186,2025-06-11 17:33:17,CANCELLED,EAST
1045,294,2024-09-27 14:22:47,SHIPPED,WEST
1046,272,2025-09-21 16:54:18,DELIVERED,NORTH
1047,153,2025-08-27 02:56:43,DELIVERED,WEST
1048,490,24-09-2025,DELIVERED,EAST
1049,331,2024-04-09 01:26:19,DELIVERED,EAST
1050,493,2025-06-22 14:18:04,DELIVERED,EAST
1051,252,2024-10-24 15:05:24,DELIVERED,CENTRAL
1052,550,2025-09-30 00:05:02,PLACED,WEST
1053,225,30-06-2025,DELIVERED,SOUTH
1054,18,2024-10-08 11:35:47,RETURNED,NORTH
1055,358,2024-10-07 06:53:26,CANCELLED,SOUTH
1056,148,2025-10-10 18:13:55,RETURNED,WEST
1057,230,2024-02-13 09:24:41,PLACED,SOUTH
1058,27,2025-06-24 16:39:52,DELIVERED,NORTH
1059,76,2025-01-05 08:41:29,CANCELLED,NORTH
1060,145,2024-03-02 08:32:30,PLACED,WEST
1061,187,2024-12-30 21:02:57,DELIVERED,EAST
1062,346,2024-12-10 20:16:06,DELIVERED,EAST
1063,62,2025-11-15 09:57:34,DELIVERED,SOUTH
1064,12,2024-11-03 21:15:28,DELIVERED,WEST
1065,265,2025-12-14 22:12:07,DELIVERED,SOUTH
1066,161,2024-07-30 03:14:01,DELIVERED,SOUTH
1067,411,25-04-2025,DELIVERED,CENTRAL
1068,80,2025-09-26 05:45:35,DELIVERED,WEST
1069,169,2024-02-12 11:09:12,DELIVERED,SOUTH
1070,107,2024-03-01 10:27:25,DELIVERED,EAST
1071,,2024-08-07 04:43:06,PLACED,SOUTH
1072,317,2024-05-25 19:47:53,DELIVERED,NORTH
1073,88,2025-03-18 19:51:31,DELIVERED,WEST
1074,,01-09-2024,DELIVERED,EAST
1075,408,2025-01-23 12:42:13,DELIVERED,EAST
1076,100,2024-09-14 08:13:07,DELIVERED,NORTH
1077,154,2024-01-19 09:31:34,DELIVERED,CENTRAL
1078,39,2024-08-13 08:13:02,DELIVERED,NORTH
1079,96,2025-07-12 01:06:56,SHIPPED,SOUTH
1080,165,2025-01-24 14:52:22,DELIVERED,CENTRAL
1081,350,2024-12-13 13:38:08,DELIVERED,EAST
1082,442,2024-02-01 01:53:40,DELIVERED,WEST
1083,77,2024-04-28 08:58:05,RETURNED,NORTH
1084,147,2025-08-18 05:11:24,DELIVERED,NORTH
1085,466,2024-08-31 16:08:25,SHIPPED,NORTH
1086,373,01-10-2024,SHIPPED,WEST
1087,485,2024-07-17 20:40:34,DELIVERED,SOUTH
1088,500,2024-01-31 18:03:37,SHIPPED,WEST
1089,133,2024-12-08 09:37:24,CANCELLED,EAST
1090,424,2025-01-27 23:27:01,CANCELLED,NORTH
1091,59,2025-07-29 14:02:04,DELIVERED,CENTRAL
1092,,2025-10-24 14:11:13,DELIVERED,CENTRAL
1093,75,2024-06-22 05:58:38,DELIVERED,NORTH
1094,480,2025-05-14 00:46:43,CANCELLED,NORTH
1095,111,2025-12-13 14:42:01,DELIVERED,WEST
1096,337,2024-02-20 01:50:11,RETURNED,WEST
1097,488,2024-03-29 19:11:57,PLACED,SOUTH
1098,150,2025-05-12 06:29:54,DELIVERED,CENTRAL
1099,64,2025-12-28 08:52:24,DELIVERED,WEST
1100,217,05-11-2025,DELIVERED,WEST
1101,181,2024-03-05 22:15:16,SHIPPED,NORTH
1102,463,2025-11-07 18:00:23,SHIPPED,EAST
1103,56,2024-03-12 19:13:47,DELIVERED,EAST
1104,358,2024-11-21 12:36:37,DELIVERED,SOUTH
1105,448,2024-10-02 11:56:42,DELIVERED,NORTH
1106,204,2024-03-01 10:27:34,DELIVERED,SOUTH
1107,325,2024-01-12 00:27:38,DELIVERED,SOUTH
1108,325,2024-03-29 05:47:08,DELIVERED,EAST
1109,4,2024-12-15 23:01:40,CANCELLED,WEST
1110,100,2024-01-29 08:08:52,RETURNED,WEST
1111,171,2025-04-11 18:23:46,DELIVERED,SOUTH
1112,15,2024-10-14 14:04:47,PLACED,EAST
1113,128,2025-06-27 04:12:59,RETURNED,WEST
1114,361,2025-10-05 06:30:12,DELIVERED,EAST
1115,181,2024-12-22 09:05:28,SHIPPED,CENTRAL
1116,447,2024-10-23 08:51:21,DELIVERED,WEST
1117,102,2024-03-09 01:21:30,PLACED,NORTH
1118,422,2024-03-21 12:38:51,DELIVERED,CENTRAL
1119,455,2025-01-25 23:20:19,PLACED,EAST
1120,217,2024-06-22 02:46:21,DELIVERED,NORTH
1121,481,2024-04-06 15:44:24,DELIVERED,WEST
1122,406,2024-01-06 21:46:11,DELIVERED,CENTRAL
1123,271,2024-08-26 18:17:22,DELIVERED,WEST
1124,5,2025-11-30 04:42:23,PLACED,NORTH
1125,384,2025-10-15 01:04:54,CANCELLED,CENTRAL
1126,175,2025-03-20 10:20:49,SHIPPED,WEST
1127,403,05-10-2025,RETURNED,WEST
1128,400,2025-07-19 13:00:16,RETURNED,CENTRAL
1129,237,2024-03-18 08:16:01,PLACED,NORTH
1130,402,2025-10-16 19:13:54,RETURNED,CENTRAL
1131,331,07-06-2024,PLACED,NORTH
1132,157,2024-01-22 14:34:16,DELIVERED,NORTH
1133,26,2025-07-30 14:12:48,RETURNED,EAST
1134,228,2024-08-18 15:02:12,CANCELLED,WEST
1135,53,01-08-2024,PLACED,NORTH
1136,106,2024-03-27 03:54:48,DELIVERED,NORTH
1137,269,2025-11-25 20:38:31,PLACED,EAST
1138,213,2024-10-30 13:02:38,DELIVERED,WEST
1139,79,2024-06-12 08:12:03,DELIVERED,EAST
1140,462,2025-09-20 00:26:48,SHIPPED,SOUTH
1141,33,2024-04-01 00:53:57,RETURNED,WEST
1142,6,2024-05-03 00:34:16,SHIPPED,NORTH
1143,31,20-02-2025,DELIVERED,SOUTH
1144,374,2024-03-30 03:48:42,PLACED,SOUTH
1145,130,2024-07-26 20:14:56,SHIPPED,NORTH
1146,302,2024-12-28 18:19:35,DELIVERED,CENTRAL
1147,198,2024-07-13 06:04:27,DELIVERED,EAST
1148,106,2025-03-29 07:59:31,DELIVERED,SOUTH
1149,500,2024-12-02 16:29:51,DELIVERED,EAST
1150,111,2025-04-16 16:48:41,SHIPPED,EAST
1151,66,2024-12-15 01:29:10,PLACED,CENTRAL
1152,420,2024-08-15 22:44:36,CANCELLED,CENTRAL
1153,31,2024-03-30 01:13:48,DELIVERED,SOUTH
1154,75,2024-06-16 03:19:24,DELIVERED,EAST
1155,327,18-06-2025,DELIVERED,WEST
1156,330,2025-11-29 01:48:07,PLACED,EAST
1157,540,2024-06-17 21:48:43,SHIPPED,CENTRAL
1158,77,2025-03-21 19:10:24,DELIVERED,WEST
1159,328,2024-06-02 21:47:29,CANCELLED,WEST
1160,,2024-08-01 03:28:29,PLACED,SOUTH
1161,393,2024-07-02 15:13:26,SHIPPED,CENTRAL
1162,473,2024-08-08 20:57:47,RETURNED,NORTH
1163,541,2024-01-31 09:15:15,PLACED,WEST
1164,426,2025-07-15 18:25:32,DELIVERED,EAST
1165,321,2025-01-18 13:26:45,DELIVERED,WEST
1166,125,2025-10-16 20:04:08,DELIVERED,NORTH
1167,11,2024-04-17 18:11:49,DELIVERED,WEST
1168,91,2024-05-28 11:28:29,CANCELLED,CENTRAL
1169,54,2024-07-20 16:55:45,PLACED,NORTH
1170,77,2024-07-23 20:13:48,DELIVERED,WEST
1171,175,2025-12-19 08:36:37,DELIVERED,SOUTH
1172,152,2025-08-07 21:35:11,CANCELLED,WEST
1173,126,2025-02-09 06:22:49,DELIVERED,WEST
1174,330,2025-08-23 03:07:39,SHIPPED,EAST
1175,85,2024-10-01 04:34:39,CANCELLED,SOUTH
1176,77,19-01-2025,PLACED,SOUTH
1177,395,2024-05-25 23:02:05,DELIVERED,CENTRAL
1178,527,2025-10-28 18:49:57,RETURNED,WEST
1179,517,2024-03-23 01:39:14,SHIPPED,EAST
1180,464,2025-11-05 02:03:37,SHIPPED,WEST
1181,285,2024-11-24 15:02:36,DELIVERED,CENTRAL
1182,151,2024-12-24 00:48:27,DELIVERED,SOUTH
1183,,2024-12-23 22:48:26,PLACED,CENTRAL
1184,272,2024-04-01 21:45:36,PLACED,WEST
1185,407,2025-01-25 01:30:26,DELIVERED,WEST
1186,101,2024-02-08 03:55:53,DELIVERED,WEST
1187,194,2024-11-08 18:43:29,SHIPPED,CENTRAL
1188,444,2024-03-25 19:20:51,DELIVERED,NORTH
1189,55,26-11-2025,SHIPPED,NORTH
1190,283,2024-06-24 21:36:49,DELIVERED,WEST
1191,104,2024-06-19 19:00:53,CANCELLED,EAST
1192,176,2025-09-02 07:01:30,DELIVERED,CENTRAL
1193,4,2024-03-14 04:48:31,RETURNED,CENTRAL
1194,313,2025-10-24 04:56:37,SHIPPED,EAST
1195,171,2024-05-25 12:21:10,DELIVERED,NORTH
1196,439,16-09-2024,RETURNED,NORTH
1197,10,2025-04-06 09:03:31,DELIVERED,NORTH
1198,254,2025-01-02 01:18:38,CANCELLED,CENTRAL
1199,298,2025-10-10 20:13:15,DELIVERED,SOUTH
1200,103,2024-08-24 14:11:52,DELIVERED,WEST
