item_id,order_id,product_id,quantity,unit_price,discount_percent
1,719,70,4,231.92,24.8
2,617,91,5,698.2,27.1
3,992,15,5,656.75,97.9
4,452,85,3,450.56,74.1
5,883,47,1,178.49,19.2
6,561,113,5,809.8,28.7
7,1080,23,3,799.76,12.5
8,566,40,5,470.47,18.4
9,888,102,3,263.13,15.0
10,302,60,5,870.17,19.9
11,622,63,3,18.96,28.3
12,253,7,1,390.14,0.0
13,515,18,3,707.81,28.8
14,1149,20,3,132.67,13.0
15,166,38,4,839.98,67.9
16,792,55,1,804.27,17.9
17,355,73,3,724.92,76.8
18,513,18,2,274.45,56.7
19,945,70,4,90.96,20.8
20,1032,120,3,424.2,12.6
21,841,60,-3,28.65,2.7
22,288,79,2,524.39,18.6
23,1159,113,4,117.71,13.9
24,1061,59,1,53.95,19.5
25,683,77,3,511.07,25.9
26,249,95,5,666.73,20.5
27,296,72,4,127.08,19.2
28,317,39,1,726.03,6.0
29,138,1,1,470.24,10.4
30,51,107,4,54.81,40.5
31,377,105,5,237.94,13.2
32,253,56,1,170.4,19.7
33,350,66,5,184.31,8.7
34,205,76,3,355.11,3.2
35,854,105,1,258.66,38.9
36,1189,39,5,402.81,10.6
37,286,60,4,252.83,10.7
38,1031,27,5,354.61,65.6
39,721,84,3,416.24,4.2
40,621,119,4,341.99,19.8
41,1180,91,5,237.01,17.7
42,1190,45,4,65.48,73.3
43,475,13,4,841.14,22.8
44,485,14,2,656.71,29.2
45,132,8,1,38.49,13.2
46,767,78,1,831.58,21.0
47,774,18,5,503.04,49.1
48,586,29,2,393.49,23.7
49,177,75,-3,91.1,14.1
50,11,47,5,494.19,18.5
51,1082,64,2,515.48,10.6
52,1145,110,1,397.8,26.2
53,1166,11,5,271.91,23.1
54,1108,43,-2,830.43,70.3
55,140,112,3,71.93,25.6
56,1025,40,1,493.62,17.5
57,539,84,-2,382.16,88.8
58,122,18,3,832.14,26.3
59,483,64,5,814.37,23.0
60,73,45,4,540.34,2.4
61,1130,62,3,652.38,49.7
62,462,84,4,276.56,29.1
63,44,120,2,483.1,20.5
64,38,71,4,690.28,12.9
65,875,71,4,110.6,27.1
66,721,25,1,218.16,1.0
67,846,96,5,513.4,0.4
68,512,105,1,118.41,4.4
69,717,78,2,898.29,39.8
70,251,85,3,844.84,70.5
71,732,115,2,401.97,11.0
72,1130,38,2,476.53,69.8
73,1032,14,4,636.42,8.4
74,417,117,5,211.33,6.3
75,763,93,2,37.1,44.0
76,930,15,-1,246.92,9.0
77,174,8,5,348.62,38.3
78,910,6,4,170.06,1.6
79,625,5,3,843.82,22.6
80,689,119,3,730.17,22.7
81,699,93,4,779.84,27.9
82,117,104,4,857.46,8.6
83,1096,60,5,693.27,96.0
84,958,96,2,123.03,80.0
85,562,11,5,269.76,1.2
86,562,47,3,705.27,18.2
87,255,40,3,753.22,13.3
88,36,57,-1,869.47,25.3
89,447,53,1,252.42,9.4
90,132,57,3,237.29,6.8
91,358,19,1,213.24,5.5
92,1038,111,3,42.55,1.8
93,531,33,-2,488.7,23.5
94,224,10,1,462.38,32.6
95,761,107,4,68.9,8.5
96,51,42,3,304.81,19.6
97,964,38,2,334.63,15.0
98,53,14,3,462.16,15.2
99,1191,92,2,344.06,19.7
100,308,49,1,859.89,29.8
101,1158,65,5,661.89,3.6
102,1081,103,4,594.98,9.5
103,400,108,2,299.17,29.3
104,473,59,1,625.3,28.7
105,840,47,5,457.55,19.6
106,472,58,2,514.56,3.8
107,1102,32,4,608.32,18.2
108,588,44,1,370.61,4.5
109,1013,81,2,810.39,0.5
110,248,54,5,641.69,3.0
111,70,107,2,890.99,86.7
112,795,116,2,365.07,21.4
113,244,44,3,534.37,29.8
114,93,10,3,855.18,18.9
115,893,38,2,661.43,17.7
116,1044,11,1,536.23,19.5
117,777,42,5,651.67,77.3
118,476,39,1,509.9,17.4
119,874,37,3,682.78,1.3
120,432,56,5,792.23,10.4
121,340,16,4,397.83,8.7
122,532,78,2,601.46,20.7
123,1042,97,5,812.77,16.2
124,400,1,1,335.74,94.8
125,874,94,2,748.78,11.0
126,246,57,4,240.44,29.8
127,239,46,2,655.99,15.2
128,566,59,5,606.51,68.8
129,79,56,5,289.19,19.8
130,73,82,2,127.5,28.3
131,401,34,4,733.41,8.5
132,407,82,5,772.16,0.1
133,138,63,2,640.44,68.8
134,779,81,3,438.39,5.4
135,615,108,3,602.84,18.9
136,732,70,1,200.94,26.9
137,589,54,3,226.42,5.3
138,654,85,4,635.81,14.5
139,1002,77,2,30.92,21.5
140,838,8,3,239.14,11.7
141,906,55,1,245.14,10.2
142,94,40,2,517.39,20.6
143,226,79,2,546.44,72.2
144,777,12,3,821.44,16.6
145,101,67,5,182.6,53.6
146,470,38,3,301.69,73.3
147,28,5,5,96.76,14.5
148,322,37,2,570.24,1.0
149,254,105,4,122.42,8.1
150,174,10,4,23.04,16.3
151,311,13,4,178.88,9.4
152,663,55,1,275.43,3.0
153,1181,61,4,88.29,16.8
154,990,37,5,458.4,29.8
155,807,48,1,409.78,0.7
156,476,58,5,102.51,4.3
157,172,13,2,779.02,7.5
158,290,52,4,473.45,22.8
159,121,99,4,283.75,4.5
160,659,89,4,784.93,20.9
161,1152,102,4,285.15,9.7
162,990,66,1,829.5,2.3
163,261,97,-3,674.59,43.8
164,233,5,4,157.8,14.6
165,1121,54,3,110.24,21.6
166,556,67,3,509.61,29.0
167,419,103,3,469.84,46.3
168,677,119,2,151.99,14.2
169,651,54,4,65.01,9.4
170,385,26,5,415.44,62.5
171,321,9,5,795.59,0.4
172,395,36,4,528.1,18.7
173,826,120,5,579.23,59.3
174,211,94,2,240.33,79.7
175,785,43,5,546.27,22.1
176,970,27,2,890.23,80.3
177,301,19,1,294.39,1.6
178,1048,104,4,297.74,3.5
179,1148,51,4,637.09,25.2
180,650,68,5,758.76,28.4
181,569,92,4,506.63,23.7
182,247,72,3,164.32,25.7
183,709,94,5,506.02,28.2
184,784,48,1,180.27,5.8
185,636,43,3,824.65,0.4
186,560,5,4,361.47,21.1
187,562,81,5,741.88,27.8
188,931,63,5,727.65,2.9
189,314,91,2,79.13,3.6
190,909,82,3,92.24,29.5
191,398,84,1,302.74,27.0
192,347,116,3,467.12,12.1
193,126,9,5,137.02,17.3
194,92,36,5,371.28,25.3
195,7,40,3,110.35,25.1
196,177,73,1,109.05,73.0
197,381,41,1,691.22,6.5
198,768,59,2,280.47,28.3
199,392,96,2,282.89,8.6
200,572,18,4,207.23,88.4
201,363,38,4,241.77,17.4
202,715,99,4,747.4,5.1
203,1199,50,5,193.54,10.4
204,592,27,5,498.69,8.1
205,1052,99,2,423.58,11.5
206,382,61,5,294.08,19.7
207,70,42,3,783.05,42.1
208,686,44,1,172.46,4.9
209,1120,24,4,729.25,17.3
210,891,94,2,231.05,10.1
211,822,39,2,688.04,15.2
212,863,55,5,363.67,51.2
213,616,114,5,182.62,22.6
214,267,85,1,873.44,23.0
215,709,59,4,5.75,88.3
216,618,40,2,772.7,21.7
217,316,88,3,9.43,10.0
218,1127,88,2,821.99,24.9
219,498,98,4,120.01,4.0
220,670,115,4,539.26,10.4
221,56,29,2,692.22,10.2
222,4,79,4,823.55,4.1
223,385,6,4,88.1,5.4
224,309,37,4,36.17,12.7
225,335,51,1,421.11,68.6
226,208,84,1,148.99,50.7
227,932,2,4,383.1,42.5
228,238,78,4,454.35,21.4
229,1096,47,2,882.76,11.5
230,164,20,-3,533.19,81.3
231,932,56,3,40.66,13.8
232,103,114,3,230.83,8.9
233,49,70,3,324.41,32.5
234,73,77,1,480.49,5.3
235,1096,13,2,571.46,8.2
236,939,89,5,514.32,32.7
237,79,19,1,346.81,2.4
238,619,55,2,855.57,65.3
239,163,108,1,715.31,29.8
240,1053,70,2,626.36,57.3
241,441,98,3,673.45,8.3
242,94,78,2,612.0,40.7
243,39,101,2,250.92,23.7
244,652,13,1,639.56,61.1
245,944,76,5,299.23,27.9
246,26,44,3,741.25,85.4
247,1022,27,2,607.32,3.2
248,1171,11,5,886.53,74.8
249,1085,48,3,409.09,4.7
250,1198,22,5,391.22,0.7
251,582,72,2,340.88,11.4
252,253,13,2,892.96,5.4
253,326,99,4,497.31,6.5
254,572,41,1,599.49,19.0
255,651,65,4,206.46,22.7
256,587,106,2,831.9,28.8
257,1091,107,4,592.29,2.9
258,1189,84,4,372.21,18.6
259,284,79,1,541.61,28.4
260,666,79,5,564.82,28.6
261,47,96,4,499.09,25.5
262,331,59,2,161.81,27.6
263,661,17,1,190.27,7.4
264,909,31,4,452.69,60.4
265,679,112,2,224.15,2.1
266,67,88,5,896.0,2.1
267,855,34,5,113.28,19.4
268,1094,92,-2,745.84,81.2
269,82,47,5,568.2,23.6
270,213,19,5,679.45,16.9
271,846,85,2,717.02,9.7
272,152,59,4,678.49,10.3
273,911,43,3,513.57,22.8
274,304,67,2,792.75,21.4
275,629,92,3,430.38,8.8
276,264,19,4,235.29,85.1
277,1195,39,1,237.18,22.4
278,1059,52,2,875.3,17.6
279,1027,41,4,779.54,5.1
280,1076,62,4,17.74,10.3
281,634,27,3,549.73,3.6
282,404,46,5,821.87,25.2
283,1074,115,2,330.39,62.6
284,675,65,5,865.68,16.1
285,163,103,5,473.04,79.7
286,375,89,2,209.36,5.3
287,545,71,2,661.34,27.2
288,272,67,2,208.69,17.4
289,951,13,1,290.38,5.9
290,239,57,2,94.39,17.9
291,615,73,-2,775.72,88.7
292,399,76,5,681.21,7.6
293,834,77,2,299.13,8.5
294,614,34,2,310.32,15.1
295,902,15,2,441.38,29.2
296,964,64,1,685.59,2.8
297,908,44,5,741.19,10.9
298,475,28,3,291.41,3.1
299,615,119,5,606.34,5.8
300,812,101,2,551.06,95.7
301,971,84,4,702.88,93.3
302,967,120,3,336.86,21.8
303,646,58,5,357.22,22.9
304,828,8,3,582.98,45.7
305,562,3,2,191.71,8.8
306,765,4,4,296.49,6.0
307,441,80,3,100.62,32.5
308,983,93,1,704.2,28.8
309,998,32,5,529.57,5.6
310,702,36,4,831.63,13.4
311,152,42,4,742.76,17.7
312,1176,26,4,224.48,22.9
313,534,72,3,622.17,77.0
314,643,110,4,673.81,32.1
315,467,59,2,611.51,7.7
316,48,18,4,387.46,23.9
317,1083,8,5,339.26,29.9
318,1033,112,5,445.35,19.0
319,155,73,5,703.63,24.0
320,180,74,5,586.91,7.3
321,883,105,4,800.97,4.6
322,677,10,5,309.13,20.8
323,886,114,-3,267.96,11.7
324,18,29,2,236.67,67.5
325,669,69,2,694.09,10.6
326,1182,20,2,189.5,2.6
327,81,100,3,859.42,9.5
328,472,85,3,151.14,7.0
329,445,99,2,790.49,3.7
330,769,4,2,345.47,12.0
331,422,99,1,88.1,91.3
332,1058,16,2,112.72,18.1
333,649,54,1,720.81,7.7
334,230,59,-2,724.05,25.7
335,727,47,1,393.56,9.0
336,173,84,4,788.97,96.4
337,663,6,2,163.74,51.9
338,288,89,1,59.76,26.0
339,601,48,2,380.22,51.9
340,311,95,2,331.74,23.6
341,62,64,4,564.65,8.0
342,658,4,3,30.5,22.0
343,296,117,5,342.45,15.8
344,324,13,-1,87.45,3.4
345,975,60,5,399.17,24.3
346,2,40,3,119.74,11.0
347,198,62,5,180.68,13.0
348,293,29,1,646.95,61.5
349,512,29,3,299.12,20.1
350,1065,67,3,685.1,42.2
351,298,75,1,674.4,19.0
352,406,24,-3,35.53,4.9
353,661,2,4,772.62,87.0
354,1183,52,2,410.61,44.0
355,573,84,3,306.84,7.7
356,999,99,1,602.87,15.6
357,130,101,1,868.45,22.7
358,937,107,5,642.86,34.8
359,927,56,1,869.83,5.5
360,1047,25,2,699.44,74.5
361,1077,77,5,774.63,24.0
362,743,70,5,154.24,68.0
363,464,108,2,489.04,12.7
364,415,36,4,270.36,29.2
365,976,60,3,5.32,55.6
366,639,27,5,536.62,75.5
367,288,19,2,689.31,28.5
368,497,51,4,354.94,83.4
369,145,29,3,130.69,21.8
370,1200,87,4,132.46,32.7
371,241,67,1,695.63,7.0
372,898,39,5,669.91,2.1
373,700,113,1,346.44,3.4
374,956,55,4,683.82,10.3
375,743,31,4,753.85,12.7
376,216,111,3,814.73,9.9
377,515,46,1,643.22,17.6
378,454,76,3,98.05,21.3
379,1149,78,4,547.93,20.0
380,87,78,1,520.18,76.4
381,739,75,5,382.54,22.3
382,712,83,4,518.14,28.2
383,885,86,2,512.4,94.6
384,203,38,1,657.51,7.6
385,705,46,2,252.59,9.7
386,539,99,2,504.84,19.4
387,822,97,2,761.02,10.0
388,1103,95,2,288.3,27.4
389,186,82,5,449.99,38.3
390,543,110,3,306.62,10.8
391,327,22,1,174.86,15.2
392,1148,38,5,164.23,2.3
393,192,12,4,767.73,34.0
394,725,51,4,97.75,24.4
395,602,79,1,294.83,82.6
396,504,71,3,28.59,69.5
397,449,32,4,584.87,1.2
398,500,3,4,754.95,16.5
399,1164,25,5,524.9,26.7
400,793,96,3,724.07,37.0
401,481,41,1,862.49,86.0
402,506,102,2,91.48,29.6
403,975,69,5,208.9,21.1
404,1135,106,4,245.87,13.8
405,897,64,1,858.08,56.0
406,1145,84,3,431.58,1.9
407,726,9,3,514.93,21.8
408,1006,56,2,887.65,45.2
409,1103,90,3,213.15,15.2
410,834,19,5,286.44,61.0
411,734,76,1,554.4,21.9
412,399,32,2,752.99,92.9
413,245,43,4,518.73,11.6
414,835,49,2,763.3,31.1
415,364,91,3,452.22,40.1
416,465,45,1,309.05,15.7
417,42,113,5,57.94,5.1
418,1084,2,-2,279.11,17.0
419,768,110,2,173.69,5.5
420,448,45,2,541.75,26.7
421,364,65,4,32.16,53.8
422,247,104,3,101.46,17.7
423,343,116,2,545.14,27.6
424,932,119,4,706.74,20.1
425,135,44,2,219.31,5.7
426,828,6,4,730.76,21.2
427,203,109,3,821.12,21.1
428,1069,51,2,257.89,76.4
429,600,81,4,342.47,14.7
430,659,72,4,278.78,23.1
431,113,68,2,852.37,17.6
432,1170,70,3,666.64,1.4
433,621,50,5,51.93,26.2
434,1042,68,5,336.89,27.3
435,203,59,2,642.61,20.4
436,424,74,1,45.48,27.0
437,239,119,2,595.34,9.9
438,363,50,3,826.24,4.7
439,505,80,4,613.95,27.1
440,635,27,3,371.24,82.4
441,773,36,2,735.97,18.0
442,810,6,4,120.35,2.1
443,235,15,4,64.52,5.0
444,526,88,4,259.9,85.6
445,536,14,4,741.48,28.5
446,1137,109,2,468.81,47.9
447,229,30,4,170.11,24.2
448,496,56,4,665.82,23.1
449,1032,99,2,653.79,1.4
450,313,44,3,830.05,6.0
451,116,51,3,457.51,62.7
452,688,85,1,784.85,24.6
453,1083,37,2,494.68,3.3
454,134,53,1,558.63,93.3
455,759,5,1,617.46,0.3
456,120,105,5,112.08,62.8
457,1155,70,4,843.8,8.5
458,793,58,2,616.18,10.4
459,932,62,2,411.53,6.7
460,588,82,4,899.23,11.0
461,43,56,2,43.09,26.4
462,465,52,3,191.25,26.5
463,944,94,4,419.85,20.0
464,273,93,2,199.18,19.5
465,745,116,4,340.46,11.8
466,964,14,4,273.79,23.2
467,845,7,3,498.77,38.4
468,1060,56,4,26.33,56.7
469,353,35,5,693.47,17.3
470,406,20,4,224.9,22.9
471,997,41,5,479.88,1.1
472,199,101,1,12.76,1.6
473,185,41,3,186.69,21.3
474,136,47,3,527.19,14.3
475,359,38,5,148.03,4.9
476,243,69,4,146.66,14.1
477,576,89,2,878.63,4.4
478,912,13,2,792.81,14.3
479,41,76,3,838.19,5.5
480,41,63,5,312.73,2.6
481,758,9,5,273.59,4.5
482,404,82,1,322.47,14.8
483,856,22,3,176.86,52.0
484,49,63,2,51.55,30.7
485,920,56,3,676.25,13.7
486,165,43,2,785.48,0.3
487,1175,3,2,814.56,1.1
488,554,90,3,723.82,23.5
489,834,91,3,648.61,14.7
490,547,11,1,725.9,25.8
491,233,3,1,222.45,6.5
492,1172,103,1,778.0,1.3
493,699,112,1,144.84,26.1
494,944,81,1,553.25,13.9
495,167,24,1,8.44,7.0
496,103,92,3,564.78,81.8
497,1015,78,4,262.82,26.0
498,126,57,1,76.2,7.9
499,1111,74,1,634.07,18.7
500,659,97,2,358.23,8.9
501,845,65,2,386.74,22.1
502,1087,1,3,256.9,6.2
503,1012,45,1,559.76,2.4
504,914,2,1,289.97,27.4
505,135,73,3,408.45,14.4
506,1024,39,3,493.6,6.8
507,350,6,4,421.13,27.7
508,826,60,4,409.7,75.1
509,860,4,3,346.4,4.5
510,749,2,2,140.18,6.5
511,34,51,3,306.9,39.2
512,622,107,5,253.51,60.7
513,1023,56,2,441.17,10.6
514,218,9,4,549.0,51.9
515,1013,103,4,16.61,4.8
516,637,88,5,114.05,28.2
517,765,104,2,335.76,1.9
518,916,48,2,850.4,27.3
519,641,82,4,709.19,17.3
520,679,90,2,869.1,17.2
521,469,91,2,732.92,56.3
522,40,41,1,348.81,32.2
523,1084,63,3,64.9,5.8
524,566,92,1,429.0,0.3
525,730,106,5,135.78,32.0
526,644,78,2,742.6,28.7
527,247,38,2,473.53,7.4
528,771,55,1,271.87,29.6
529,60,84,4,75.45,27.3
530,303,58,5,145.5,9.4
531,561,59,5,410.73,12.9
532,35,16,3,499.55,9.5
533,769,71,-2,583.46,9.8
534,71,83,5,682.06,51.2
535,271,64,1,130.22,16.3
536,482,12,3,307.65,22.5
537,1009,52,5,377.64,20.8
538,1123,106,2,406.41,91.1
539,535,30,5,26.68,20.9
540,981,6,2,855.22,4.1
541,655,42,4,22.23,14.8
542,850,71,2,532.75,58.3
543,15,45,5,794.07,24.9
544,814,28,1,824.1,8.4
545,1140,48,2,752.17,7.7
546,401,42,4,111.66,2.9
547,1049,99,2,105.86,3.2
548,422,26,3,750.47,26.6
549,622,47,2,512.33,7.6
550,1047,4,2,747.48,6.2
551,796,93,4,543.62,49.2
552,1149,77,2,74.52,0.0
553,64,80,1,852.37,9.1
554,782,94,2,92.02,19.4
555,867,95,1,255.58,8.9
556,72,116,2,240.14,26.6
557,420,16,1,792.86,5.2
558,231,12,4,783.46,16.7
559,554,3,4,61.64,6.5
560,815,87,1,450.19,12.4
561,28,74,1,863.69,21.3
562,982,26,1,605.76,5.6
563,918,104,-3,44.49,25.7
564,1145,90,2,645.43,8.6
565,182,77,4,492.41,27.1
566,1129,70,3,369.27,11.2
567,712,99,4,609.76,28.8
568,178,78,2,302.86,14.0
569,1105,111,1,312.39,29.5
570,298,77,2,766.73,29.3
571,422,106,1,741.98,29.7
572,1115,6,5,8.62,19.9
573,338,95,3,442.82,25.1
574,765,71,5,592.92,17.3
575,836,89,1,207.1,4.7
576,386,92,-3,720.94,27.5
577,628,31,3,743.58,2.9
578,392,4,-2,113.36,77.6
579,147,9,1,382.62,12.1
580,615,44,2,276.89,27.6
581,86,87,1,452.5,7.7
582,970,111,5,693.96,17.6
583,719,88,1,345.07,22.8
584,178,61,1,79.25,21.5
585,193,59,3,221.03,1.0
586,635,71,4,198.82,0.3
587,263,76,1,842.31,15.1
588,949,36,4,722.17,21.7
589,519,75,5,444.53,8.8
590,334,6,3,386.92,29.1
591,158,26,2,10.09,24.2
592,362,99,3,168.5,20.5
593,1011,30,1,95.88,74.0
594,1153,4,3,715.93,21.3
595,755,82,4,428.92,55.7
596,865,9,3,790.61,14.2
597,1039,118,2,113.3,57.0
598,403,58,5,339.12,6.7
599,380,75,5,40.58,30.0
600,801,2,5,710.34,66.6
601,1200,68,-1,290.98,48.0
602,438,25,4,433.47,38.8
603,1109,110,2,602.04,4.4
604,140,62,1,511.71,75.3
605,741,29,4,58.41,26.1
606,809,4,3,354.74,26.0
607,261,62,5,800.43,22.7
608,323,31,3,449.93,60.0
609,855,9,2,696.76,27.7
610,576,60,3,276.63,9.8
611,632,110,5,441.57,25.2
612,1148,119,5,596.6,14.1
613,187,89,3,481.8,1.9
614,550,120,3,537.02,92.7
615,664,117,2,316.92,24.8
616,1061,87,3,540.0,5.7
617,286,103,3,175.02,21.4
618,1133,42,4,525.67,72.5
619,597,82,5,712.0,5.5
620,1018,48,4,646.75,13.8
621,700,19,1,231.02,24.4
622,806,1,3,835.39,29.7
623,1196,106,5,381.34,98.2
624,1003,77,4,351.26,18.1
625,741,98,1,41.73,10.7
626,1097,35,1,833.54,6.1
627,1161,8,-2,879.27,8.5
628,493,30,5,515.7,55.3
629,485,20,-3,288.46,80.6
630,785,27,1,859.25,74.0
631,553,104,1,225.34,7.3
632,340,115,2,255.13,67.1
633,892,75,4,404.32,84.7
634,837,92,2,666.55,18.5
635,779,3,3,188.59,13.1
636,1074,44,4,459.27,13.3
637,421,48,1,542.85,11.3
638,828,27,3,367.57,29.1
639,473,49,4,864.79,16.9
640,133,58,1,353.04,11.4
641,1006,56,4,85.07,22.9
642,751,117,4,146.5,58.5
643,1060,77,2,762.08,10.9
644,469,12,2,87.68,1.5
645,163,68,4,138.38,43.6
646,381,30,2,470.85,9.2
647,107,74,2,262.98,12.7
648,344,31,-1,544.36,77.3
649,552,105,5,116.1,22.8
650,367,20,2,224.85,85.5
651,558,66,5,456.54,13.5
652,100,61,2,221.52,11.0
653,572,60,2,640.64,4.9
654,87,9,2,5.51,24.0
655,809,71,4,800.47,19.4
656,1065,46,5,647.93,22.5
657,1073,120,5,772.84,3.6
658,151,77,3,108.4,11.5
659,614,48,-2,182.84,43.6
660,302,58,2,585.92,7.3
661,34,116,4,231.36,21.4
662,761,113,2,377.14,94.8
663,208,38,3,421.26,19.6
664,888,10,3,739.88,1.2
665,982,9,2,282.76,0.3
666,208,19,5,246.3,21.9
667,1068,48,-2,303.97,10.4
668,669,37,5,529.13,22.8
669,888,98,5,657.15,2.0
670,315,120,3,596.25,21.7
671,548,19,2,88.4,11.8
672,86,6,2,179.07,12.5
673,311,55,3,891.43,99.1
674,335,110,4,709.38,91.5
675,340,119,1,76.57,27.0
676,763,109,3,521.45,27.0
677,678,81,5,144.26,21.5
678,1066,88,5,701.58,81.5
679,889,62,5,274.01,29.7
680,106,76,3,100.31,22.4
681,449,113,4,815.13,20.9
682,1036,47,4,380.27,2.4
683,333,80,1,698.59,1.7
684,832,105,4,428.49,93.8
685,243,40,4,835.41,6.4
686,881,109,2,551.46,15.9
687,670,76,1,95.09,73.7
688,308,70,1,841.26,20.9
689,312,7,-1,34.25,84.4
690,732,86,1,152.87,3.0
691,1194,11,5,5.19,23.7
692,801,106,1,244.26,83.7
693,147,107,2,63.12,7.8
694,1055,13,2,621.68,85.2
695,334,89,4,326.08,8.8
696,822,54,2,715.86,20.0
697,432,31,2,37.93,87.5
698,303,14,2,138.65,77.0
699,656,75,4,394.62,64.4
700,1131,94,2,806.55,10.9
701,801,25,1,33.08,7.6
702,383,105,4,706.43,13.5
703,670,96,4,594.27,22.5
704,377,1,2,859.09,14.6
705,686,19,2,219.82,28.7
706,415,93,1,694.92,21.3
707,764,44,-2,695.55,6.1
708,303,43,5,249.73,15.9
709,403,56,1,412.18,16.4
710,1104,97,3,302.68,18.8
711,129,61,4,836.5,18.3
712,473,119,5,204.5,89.2
713,80,105,5,232.46,53.1
714,84,29,4,218.89,4.8
715,156,103,5,733.91,12.5
716,1028,112,3,693.17,14.9
717,1189,28,5,262.36,23.5
718,797,72,2,492.83,68.5
719,164,43,4,23.52,74.9
720,529,22,3,376.94,6.1
721,336,47,3,282.0,16.5
722,141,10,1,768.46,24.0
723,554,23,4,307.09,25.1
724,1095,60,4,602.86,8.3
725,189,46,2,493.05,1.8
726,177,9,3,148.5,16.0
727,981,119,3,31.66,23.8
728,886,14,4,195.06,63.7
729,138,96,4,503.92,9.7
730,756,26,1,410.35,35.5
731,763,84,1,872.78,2.6
732,197,77,1,535.63,16.6
733,1130,93,1,564.33,83.5
734,650,32,4,267.64,1.6
735,615,86,2,627.84,30.0
736,575,44,1,877.74,14.9
737,615,53,-2,298.34,26.1
738,1076,78,1,329.47,26.4
739,684,41,2,520.89,2.4
740,101,36,5,680.58,2.4
741,1125,120,5,271.0,8.9
742,827,97,3,827.36,19.7
743,552,95,1,89.41,0.1
744,977,6,3,368.36,15.9
745,1150,115,1,303.99,91.8
746,213,81,4,200.48,5.1
747,1044,31,1,614.86,17.3
748,385,64,1,389.6,11.7
749,1081,38,4,876.48,17.3
750,552,32,1,637.68,60.5
751,3,15,2,673.37,17.3
752,1189,16,2,123.54,99.8
753,96,94,4,124.0,95.9
754,1177,1,1,747.82,10.7
755,423,58,1,782.58,12.3
756,1063,88,2,772.69,38.9
757,386,112,2,443.47,13.1
758,517,1,2,59.96,1.8
759,940,68,4,103.82,28.3
760,363,55,4,708.2,17.6
761,713,39,4,184.83,25.2
762,800,35,2,397.13,78.1
763,996,50,5,461.18,3.3
764,760,67,1,248.27,24.0
765,827,3,1,220.9,81.0
766,1139,110,5,830.04,29.3
767,7,20,3,692.8,12.6
768,699,1,2,102.08,22.9
769,515,90,5,183.52,25.3
770,1158,73,4,427.31,24.5
771,94,110,4,684.24,14.8
772,883,72,-1,97.36,6.9
773,90,27,5,896.38,68.1
774,1124,57,2,665.53,9.7
775,526,2,4,112.65,58.9
776,922,115,3,831.59,2.8
777,513,102,2,44.53,16.2
778,14,119,2,717.17,3.0
779,1032,75,5,253.51,10.5
780,731,97,2,29.07,62.7
781,44,86,2,740.97,4.5
782,368,26,2,123.7,19.8
783,463,80,1,654.54,11.0
784,614,107,2,620.69,4.8
785,775,1,1,482.06,26.8
786,223,11,2,70.53,13.0
787,341,35,5,796.03,27.0
788,1200,43,2,746.75,19.8
789,442,58,5,753.84,9.5
790,439,119,1,180.66,77.3
791,953,119,5,108.24,27.0
792,471,95,1,506.26,19.5
793,277,7,5,788.84,7.2
794,104,66,5,796.56,55.2
795,695,68,3,238.72,24.8
796,91,55,2,130.04,21.0
797,184,67,4,68.93,16.4
798,660,59,3,893.51,1.0
799,24,100,-3,623.34,21.7
800,172,42,5,77.55,14.4
801,202,57,5,584.56,63.1
802,53,93,3,285.0,23.8
803,1033,83,3,238.42,81.3
804,1181,70,4,472.39,4.5
805,592,65,1,286.13,15.2
806,958,4,1,7.5,24.6
807,708,82,3,652.89,15.0
808,774,73,4,138.6,22.8
809,659,48,3,282.56,57.7
810,86,71,4,52.47,41.0
811,1144,59,1,696.27,28.6
812,1077,24,1,244.69,12.2
813,803,33,1,801.73,22.2
814,536,81,2,494.99,26.4
815,510,67,2,477.85,26.8
816,318,87,4,559.07,17.1
817,1171,83,3,369.84,24.3
818,860,97,3,651.41,12.9
819,214,40,3,78.54,24.7
820,598,81,3,851.8,8.7
821,87,24,2,650.41,16.3
822,383,38,1,603.45,9.2
823,574,111,5,864.17,27.5
824,47,99,1,334.69,15.0
825,366,107,3,654.32,61.0
826,127,87,1,264.28,29.8
827,597,31,2,192.0,10.7
828,1078,33,1,358.27,14.1
829,210,12,5,412.0,26.4
830,254,70,2,220.78,67.9
831,1009,28,3,899.5,40.7
832,72,93,1,826.73,15.1
833,671,50,5,773.25,21.6
834,1075,115,-1,191.79,81.1
835,219,43,1,497.02,15.7
836,27,32,3,427.68,7.9
837,581,106,1,864.53,27.5
838,438,51,3,124.86,31.1
839,146,104,5,577.16,3.3
840,599,29,5,432.23,17.6
841,835,25,2,847.73,15.2
842,151,31,3,307.24,25.5
843,75,90,3,121.4,28.2
844,88,107,1,701.33,14.8
845,810,55,1,469.81,74.6
846,874,100,1,849.74,1.7
847,417,47,5,84.1,0.8
848,316,88,3,846.58,95.3
849,448,33,3,51.59,16.5
850,894,74,4,384.9,27.1
851,432,68,3,675.95,24.2
852,1136,1,4,703.32,7.1
853,1127,95,2,369.67,64.5
854,255,7,3,409.12,18.2
855,98,65,5,524.86,28.9
856,1176,24,4,892.75,5.0
857,1174,80,4,691.13,11.3
858,608,107,5,684.75,20.3
859,935,12,3,134.94,17.4
860,1165,32,5,97.13,50.0
861,635,73,2,858.19,3.3
862,457,38,4,366.77,28.1
863,836,80,5,428.31,3.5
864,856,115,4,160.65,56.2
865,468,67,3,604.78,10.9
866,500,116,2,593.25,0.5
867,584,106,-2,864.22,3.5
868,292,116,5,393.56,80.5
869,302,52,3,492.33,66.1
870,192,101,5,343.58,2.2
871,444,2,4,92.94,26.5
872,390,104,5,306.48,3.6
873,394,100,5,138.31,23.2
874,1043,35,1,769.9,4.9
875,459,1,-3,393.65,26.6
876,129,8,4,455.99,66.8
877,686,106,1,47.88,52.8
878,572,11,5,70.48,1.6
879,836,100,5,180.33,13.3
880,843,81,3,202.36,1.7
881,1015,57,3,354.71,94.3
882,287,93,4,605.9,10.3
883,1138,103,4,653.86,27.7
884,98,21,5,64.78,0.7
885,1074,87,1,873.42,45.4
886,183,120,3,325.3,6.1
887,822,14,1,420.51,99.6
888,337,87,5,151.23,6.6
889,865,31,3,123.46,17.2
890,707,49,2,405.5,16.4
891,629,34,2,778.78,4.2
892,811,38,1,390.89,5.3
893,926,27,1,361.53,27.8
894,949,95,5,157.43,1.4
895,331,82,4,805.37,24.8
896,210,81,5,837.87,17.2
897,697,95,5,396.95,26.0
898,475,112,2,789.6,5.3
899,653,53,-1,517.32,22.2
900,1010,101,5,648.67,20.4
901,244,59,1,365.38,7.1
902,830,67,2,774.79,76.5
903,771,70,2,166.5,9.8
904,327,12,3,18.27,29.7
905,215,88,5,139.55,65.1
906,357,10,2,298.02,13.7
907,81,72,3,215.52,16.3
908,1120,112,-1,118.55,25.5
909,70,78,2,597.77,29.3
910,514,65,2,271.83,25.4
911,1049,71,1,258.79,16.4
912,938,104,1,627.28,10.7
913,367,31,4,405.58,16.2
914,383,4,4,251.04,28.9
915,131,93,4,447.93,11.5
916,308,110,4,457.7,4.6
917,266,41,2,447.05,23.7
918,1090,41,1,361.74,62.5
919,487,48,3,795.3,26.0
920,800,49,3,618.62,0.9
921,256,22,5,162.44,25.6
922,550,33,5,356.89,5.9
923,723,106,3,171.19,95.2
924,1091,95,3,711.63,6.7
925,399,70,5,841.41,4.9
926,164,88,3,172.01,21.7
927,990,23,3,353.22,5.2
928,454,112,3,479.12,11.1
929,458,111,5,100.06,11.1
930,53,83,3,860.85,16.8
931,33,79,4,696.84,26.2
932,16,25,5,112.38,15.4
933,1182,10,1,822.92,4.9
934,408,67,3,525.87,3.8
935,746,27,1,296.1,9.8
936,672,26,2,332.67,24.5
937,975,94,5,92.15,13.4
938,650,6,-3,242.85,20.9
939,224,37,1,36.5,13.7
940,1084,16,5,428.23,73.3
941,270,97,3,328.08,51.4
942,1143,110,4,150.7,33.1
943,877,54,3,778.31,12.5
944,922,69,3,777.02,70.6
945,1045,44,3,489.51,17.6
946,745,102,5,262.79,9.1
947,244,11,4,886.92,93.3
948,13,113,2,722.45,6.9
949,476,10,2,580.17,29.7
950,238,103,3,66.97,34.0
951,70,67,4,502.21,10.0
952,622,37,5,557.13,18.6
953,1005,19,2,383.65,23.7
954,600,83,1,121.11,29.5
955,344,118,2,854.98,21.8
956,355,91,1,664.66,6.3
957,410,78,1,566.09,1.8
958,17,114,2,376.75,6.1
959,1133,60,5,152.73,15.6
960,179,86,2,810.37,9.6
961,744,72,4,126.42,57.1
962,67,42,1,462.28,20.1
963,929,49,5,220.77,5.3
964,373,92,1,582.65,45.7
965,441,26,2,833.59,29.0
966,60,42,2,521.1,18.4
967,844,113,1,660.86,19.7
968,1199,10,2,500.06,89.7
969,666,84,2,711.47,16.2
970,656,72,3,379.0,19.3
971,1010,29,4,264.41,17.1
972,535,111,4,552.04,5.4
973,916,78,5,397.72,17.4
974,144,21,2,601.71,22.8
975,1020,93,4,638.59,4.1
976,1144,118,2,138.57,22.6
977,202,18,4,657.64,1.6
978,386,23,1,242.45,18.2
979,954,67,5,397.34,20.8
980,763,86,2,216.93,27.7
981,83,26,-2,216.48,2.5
982,1173,110,3,102.99,83.5
983,334,27,5,809.19,0.7
984,306,83,5,675.6,2.8
985,408,62,5,177.6,5.9
986,11,74,4,78.97,15.0
987,236,19,2,659.92,15.7
988,943,53,2,52.89,22.4
989,183,15,4,98.53,1.3
990,66,58,3,597.24,22.8
991,510,26,2,38.14,12.9
992,691,27,2,412.53,24.3
993,1067,14,3,162.64,2.3
994,1144,88,5,130.85,0.3
995,669,18,3,341.14,82.3
996,397,90,3,650.81,2.0
997,3,104,5,538.6,69.5
998,1017,106,-1,209.83,4.3
999,391,55,5,297.34,9.2
1000,267,28,3,847.65,23.4
1001,53,19,1,383.1,4.9
1002,473,72,1,153.88,13.3
1003,175,56,5,25.03,12.6
1004,577,68,1,311.44,86.4
1005,16,29,3,33.98,1.7
1006,744,117,4,510.16,13.5
1007,867,115,5,63.07,20.3
1008,713,48,2,851.46,84.2
1009,281,108,4,393.6,55.5
1010,243,103,1,39.66,91.1
1011,845,71,4,361.78,2.7
1012,332,55,5,16.75,72.7
1013,751,58,5,32.28,29.2
1014,125,60,5,42.99,7.4
1015,947,92,1,872.05,8.6
1016,1087,36,2,721.92,70.4
1017,51,3,2,317.3,20.3
1018,916,55,5,232.12,12.0
1019,12,43,2,548.23,81.0
1020,901,119,4,801.22,4.5
1021,724,75,2,748.47,14.3
1022,66,8,4,376.25,96.5
1023,52,97,1,50.27,20.0
1024,255,117,1,675.38,23.6
1025,1131,9,5,682.77,18.9
1026,553,74,-1,602.6,9.5
1027,353,6,5,454.14,8.9
1028,1018,119,5,478.62,6.7
1029,134,26,4,618.21,11.5
1030,1140,96,4,817.73,4.5
1031,994,37,4,434.5,23.3
1032,357,98,2,193.79,15.5
1033,593,75,1,896.13,0.4
1034,541,22,2,28.54,15.5
1035,1108,109,1,372.61,19.8
1036,57,81,3,90.09,28.1
1037,172,31,5,516.55,26.5
1038,1198,58,1,79.73,0.7
1039,1101,65,3,835.38,24.5
1040,145,70,3,277.18,75.8
1041,925,113,5,464.27,17.1
1042,902,65,1,487.49,2.6
1043,1107,6,3,428.58,84.3
1044,387,49,3,538.13,64.8
1045,173,120,4,608.53,23.7
1046,868,72,2,419.71,17.4
1047,978,86,3,43.61,21.4
1048,530,116,5,384.05,1.3
1049,1131,83,4,259.29,20.7
1050,1144,29,4,321.87,13.8
1051,816,24,1,796.87,21.1
1052,580,107,4,494.38,28.1
1053,880,4,5,284.59,1.2
1054,1149,44,2,148.03,17.4
1055,498,106,3,490.64,50.3
1056,1176,102,3,483.49,15.1
1057,85,113,3,358.69,98.8
1058,1080,57,1,385.3,1.9
1059,615,10,1,529.92,21.7
1060,733,85,5,577.89,82.1
1061,419,92,2,195.94,26.8
1062,700,24,1,826.92,15.3
1063,821,43,1,819.46,28.7
1064,619,64,1,556.57,19.5
1065,396,90,1,709.99,25.4
1066,963,97,1,696.3,25.9
1067,1103,74,1,494.3,21.9
1068,821,60,2,91.72,27.1
1069,1059,109,2,756.56,27.6
1070,772,34,5,598.54,27.5
1071,1192,51,5,399.11,11.4
1072,640,89,1,297.96,29.4
1073,101,15,2,651.53,1.8
1074,979,47,4,800.79,11.3
1075,972,11,1,208.23,22.6
1076,1138,104,4,286.38,21.3
1077,258,13,3,298.25,11.4
1078,16,7,-3,587.94,4.1
1079,1087,75,1,267.52,11.3
1080,562,101,5,553.98,12.3
1081,670,102,2,17.85,9.3
1082,868,111,4,309.23,17.1
1083,632,99,2,177.1,18.3
1084,871,17,3,235.99,11.4
1085,268,110,4,306.17,10.8
1086,685,78,2,833.19,93.2
1087,872,21,1,161.54,96.3
1088,926,55,4,626.08,12.0
1089,648,79,1,97.77,70.9
1090,205,12,5,734.68,79.7
1091,796,8,-3,18.44,15.5
1092,812,62,5,119.43,5.2
1093,734,57,1,838.23,13.5
1094,837,102,2,576.54,4.4
1095,228,118,2,478.24,76.0
1096,981,44,3,628.31,26.0
1097,1091,7,3,876.46,11.1
1098,543,66,2,115.45,22.5
1099,1032,42,3,718.24,8.1
1100,65,87,3,278.43,19.6
1101,694,95,2,761.73,14.0
1102,397,20,4,260.49,23.0
1103,1007,88,1,408.42,11.9
1104,423,32,2,442.91,86.8
1105,1137,69,2,738.58,10.6
1106,26,84,1,548.03,7.4
1107,86,33,2,34.71,23.8
1108,471,42,5,747.62,89.4
1109,678,109,3,15.57,25.9
1110,213,66,4,399.28,15.4
1111,138,108,2,254.57,67.0
1112,737,34,1,744.14,53.5
1113,741,89,5,559.49,23.5
1114,220,2,3,220.63,4.4
1115,935,65,3,787.35,24.1
1116,1164,75,5,477.29,26.5
1117,125,40,3,435.71,25.1
1118,215,36,2,232.14,81.0
1119,1107,96,3,161.65,20.4
1120,1141,84,4,150.65,56.8
1121,212,20,5,452.47,24.5
1122,1161,27,5,780.91,21.4
1123,1141,119,2,113.41,0.4
1124,472,23,1,61.41,13.8
1125,778,15,1,459.59,20.1
1126,1144,118,4,644.81,54.8
1127,606,25,1,263.44,7.1
1128,1133,38,2,578.83,51.0
1129,98,101,4,705.82,16.5
1130,284,25,4,780.39,25.0
1131,201,5,-3,696.92,83.5
1132,828,118,3,736.55,32.9
1133,777,57,3,22.49,13.1
1134,799,55,1,16.67,27.5
1135,613,112,1,635.15,28.3
1136,578,1,5,294.92,24.5
1137,551,99,1,472.9,77.3
1138,399,56,2,268.31,53.4
1139,1163,73,2,352.63,0.5
1140,480,70,5,470.43,3.5
1141,1084,88,4,704.52,3.1
1142,879,24,1,514.57,0.7
1143,485,17,-1,123.77,22.9
1144,735,59,5,521.69,5.6
1145,31,39,5,770.03,29.4
1146,1171,48,1,706.65,15.3
1147,242,59,3,636.93,4.1
1148,608,50,1,91.43,25.0
1149,1130,19,5,642.93,4.1
1150,546,23,5,849.01,17.6
1151,921,7,3,650.3,27.5
1152,216,106,3,338.7,1.4
1153,892,100,1,761.21,84.5
1154,752,64,5,21.17,1.9
1155,818,29,3,371.96,13.8
1156,433,106,4,892.73,27.6
1157,672,114,3,9.53,52.0
1158,1059,24,3,646.78,13.6
1159,860,10,5,832.16,11.2
1160,987,9,3,848.96,22.6
1161,121,12,3,877.38,25.3
1162,224,105,3,171.41,88.0
1163,743,30,4,52.65,6.0
1164,68,60,4,536.32,0.1
1165,991,33,1,790.14,9.4
1166,671,90,2,718.72,12.4
1167,1138,74,4,313.43,8.4
1168,968,99,1,863.61,15.4
1169,290,61,3,730.79,90.2
1170,145,5,1,142.59,19.9
1171,826,29,1,424.1,97.1
1172,738,57,2,306.97,12.6
1173,124,52,5,394.7,13.4
1174,1123,29,3,802.44,15.1
1175,1121,39,3,721.18,29.4
1176,611,52,5,47.45,13.4
1177,910,119,1,357.16,10.1
1178,164,47,2,189.36,82.5
1179,70,70,3,100.89,21.0
1180,57,86,1,801.09,8.3
1181,206,60,4,89.81,0.6
1182,673,104,4,615.37,70.3
1183,345,82,-3,560.78,9.5
1184,549,90,2,898.4,20.0
1185,374,57,5,324.82,0.3
1186,856,98,1,75.65,21.5
1187,375,117,5,237.37,18.5
1188,66,57,4,94.4,5.7
1189,265,60,1,838.02,17.7
1190,750,83,-1,601.45,1.4
1191,805,37,5,198.53,21.6
1192,417,89,1,7.69,28.1
1193,440,55,5,630.36,1.9
1194,1112,39,1,860.09,10.1
1195,357,70,2,818.83,10.2
1196,94,47,1,58.1,17.1
1197,1183,2,4,516.22,27.3
1198,1122,8,4,646.83,1.3
1199,495,62,2,646.41,19.9
1200,1168,109,5,630.51,25.9
1201,43,1,4,342.39,4.7
1202,672,2,3,746.46,21.3
1203,778,41,4,169.36,53.7
1204,377,75,2,597.03,23.4
1205,449,102,3,771.13,73.7
1206,66,74,4,755.84,24.4
1207,1108,72,5,231.68,88.6
1208,239,12,4,201.85,92.8
1209,577,115,4,304.0,16.9
1210,1113,58,5,775.33,59.3
1211,868,40,1,211.7,12.6
1212,367,103,-3,131.61,15.6
1213,160,33,4,801.49,3.8
1214,912,15,3,758.46,75.2
1215,13,24,2,93.58,21.8
1216,351,9,5,708.18,27.3
1217,9,88,1,393.19,15.1
1218,434,69,5,497.79,26.4
1219,1166,96,4,154.89,11.5
1220,1059,6,3,825.87,23.0
1221,443,9,4,549.75,90.9
1222,983,116,5,252.12,9.3
1223,110,85,5,128.6,14.3
1224,3,7,2,555.46,18.8
1225,469,18,2,57.95,27.9
1226,571,84,2,832.48,22.4
1227,136,54,3,521.66,21.0
1228,260,95,1,119.18,29.4
1229,568,120,2,201.02,71.7
1230,1020,46,2,627.43,37.3
1231,398,6,2,455.49,26.6
1232,834,33,1,615.55,10.3
1233,473,120,4,416.34,17.5
1234,1101,29,1,616.99,29.7
1235,184,54,1,425.36,18.2
1236,326,75,5,200.26,0.9
1237,508,108,5,739.95,38.7
1238,333,20,2,845.3,0.4
1239,115,47,3,872.11,29.1
1240,806,59,1,347.93,27.9
1241,173,74,4,329.04,58.1
1242,522,39,4,868.95,5.9
1243,628,78,2,512.96,9.1
1244,772,22,2,762.63,13.0
1245,241,12,2,233.88,20.0
1246,704,84,3,243.57,67.9
1247,1052,82,1,482.75,29.6
1248,201,95,4,137.03,31.1
1249,174,85,4,240.98,33.9
1250,491,114,3,852.78,5.6
1251,749,86,5,216.09,94.9
1252,72,104,1,75.42,25.5
1253,1084,64,3,882.22,86.4
1254,800,118,3,451.94,12.0
1255,550,93,3,852.56,7.2
1256,760,73,3,356.76,17.8
1257,1030,49,1,390.66,3.8
1258,363,44,1,484.26,17.2
1259,628,66,3,170.9,4.3
1260,761,74,3,760.59,85.3
1261,491,2,3,127.35,21.5
1262,244,35,1,840.15,99.8
1263,543,84,2,226.79,28.2
1264,239,39,3,196.07,13.6
1265,846,29,4,207.27,20.4
1266,38,4,1,448.64,10.7
1267,343,19,1,334.68,2.8
1268,1141,36,2,329.66,8.4
1269,361,56,5,718.77,84.4
1270,1021,7,2,580.32,64.8
1271,52,89,3,788.4,6.7
1272,911,60,5,389.83,12.2
1273,400,60,-2,820.37,1.4
1274,732,105,4,839.52,92.8
1275,753,42,1,37.55,14.5
1276,365,94,3,171.75,25.4
1277,400,16,5,274.51,20.8
1278,253,99,4,478.53,2.6
1279,337,117,1,182.31,10.5
1280,316,67,2,816.3,64.5
1281,1179,93,4,706.76,21.6
1282,722,106,2,819.04,15.1
1283,907,30,2,804.79,5.2
1284,589,47,2,704.76,22.7
1285,875,12,1,425.24,4.9
1286,941,6,4,548.39,3.6
1287,1036,104,2,346.11,49.1
1288,320,51,5,203.92,20.3
1289,375,91,4,601.27,13.0
1290,537,69,4,433.24,22.6
1291,269,19,2,884.03,4.2
1292,331,118,1,573.09,8.8
1293,316,45,5,143.08,29.7
1294,378,23,3,367.5,24.6
1295,692,28,1,810.7,89.7
1296,981,111,1,770.3,5.5
1297,813,88,3,98.56,48.6
1298,646,30,3,696.09,9.7
1299,28,114,2,698.42,66.1
1300,1042,101,4,210.17,14.2
1301,749,50,3,712.72,31.8
1302,1165,10,1,334.62,21.6
1303,148,10,3,300.3,57.0
1304,188,74,5,886.37,13.5
1305,1018,46,1,432.06,13.7
1306,520,22,2,601.66,86.7
1307,1017,13,1,138.96,20.2
1308,499,97,5,366.16,19.4
1309,832,5,5,429.74,42.6
1310,991,30,5,886.66,43.8
1311,798,87,4,863.43,28.9
1312,1096,80,5,381.22,63.7
1313,426,81,3,186.7,18.9
1314,783,43,1,858.66,23.6
1315,686,24,2,45.88,6.9
1316,49,100,4,248.7,64.0
1317,582,62,-1,6.07,16.8
1318,811,40,4,449.29,44.8
1319,922,119,1,380.71,89.1
1320,874,89,3,772.82,40.7
1321,723,41,4,183.27,11.6
1322,558,73,2,866.78,3.3
1323,1159,84,5,627.87,20.6
1324,760,76,1,165.43,4.8
1325,330,60,2,386.78,7.8
1326,644,79,5,560.58,17.1
1327,687,79,3,375.48,9.0
1328,677,97,3,672.07,7.7
1329,150,102,5,113.57,18.1
1330,501,97,3,251.83,6.8
1331,553,113,1,475.61,19.7
1332,1150,22,1,536.02,3.8
1333,977,93,5,603.76,23.1
1334,1070,75,3,94.28,96.7
1335,1170,58,2,108.05,1.3
1336,670,39,5,316.23,71.0
1337,846,48,5,123.06,1.1
1338,21,6,5,392.39,27.9
1339,304,93,5,53.87,89.7
1340,729,14,1,187.62,10.0
1341,806,111,5,355.49,10.1
1342,966,1,4,873.91,57.4
1343,448,9,3,499.53,69.6
1344,813,50,1,204.43,11.1
1345,420,38,2,746.79,67.1
1346,278,5,2,282.47,26.5
1347,426,84,3,212.63,17.4
1348,1034,95,4,704.38,0.8
1349,1131,102,3,641.13,17.1
1350,575,49,1,141.93,2.7
1351,998,57,1,421.91,3.8
1352,426,108,2,209.4,25.0
1353,97,21,5,550.5,39.1
1354,372,58,2,183.08,99.4
1355,479,2,2,300.52,3.2
1356,419,113,-1,201.42,46.8
1357,139,94,4,706.07,24.5
1358,897,110,4,550.66,24.4
1359,511,116,2,253.8,1.7
1360,355,117,5,502.74,48.8
1361,482,4,2,46.77,13.8
1362,1191,104,1,86.33,28.7
1363,272,38,3,57.35,21.7
1364,531,85,4,658.03,25.0
1365,976,83,4,292.4,10.6
1366,375,119,4,326.99,16.1
1367,903,20,4,567.89,26.2
1368,132,24,5,40.89,23.5
1369,703,50,5,257.16,50.7
1370,302,32,2,408.98,2.3
1371,382,13,1,881.5,45.8
1372,1052,6,3,884.36,24.2
1373,103,86,1,411.7,82.4
1374,597,89,2,540.45,17.6
1375,516,89,5,289.91,22.9
1376,1012,14,2,815.26,22.5
1377,512,29,2,151.38,8.7
1378,296,15,4,612.82,7.8
1379,784,109,2,667.33,54.0
1380,401,26,3,275.33,25.0
1381,625,65,4,460.17,9.9
1382,555,60,-1,14.24,20.5
1383,1040,88,5,690.65,23.6
1384,918,64,2,360.55,6.3
1385,649,54,2,409.85,9.6
1386,350,21,5,142.48,26.6
1387,716,70,5,124.77,17.2
1388,323,20,1,68.85,28.7
1389,841,28,5,289.38,21.0
1390,824,30,4,603.2,19.4
1391,353,106,3,599.35,1.3
1392,773,10,3,563.03,66.9
1393,696,13,1,204.62,25.5
1394,90,35,2,635.41,81.9
1395,172,23,1,855.03,7.6
1396,607,66,1,641.55,26.1
1397,1113,54,4,271.67,76.4
1398,225,68,5,485.82,29.7
1399,274,108,1,43.11,17.1
1400,1030,118,4,576.26,25.0
1401,1067,42,4,575.84,87.0
1402,637,100,5,394.63,29.6
1403,370,15,4,728.75,19.3
1404,36,40,1,259.47,16.0
1405,231,37,5,825.75,25.9
1406,230,12,5,404.63,12.2
1407,569,74,1,588.26,6.0
1408,1126,3,4,382.91,68.8
1409,345,91,-1,316.31,16.1
1410,690,25,2,786.31,63.2
1411,669,104,2,798.23,16.5
1412,4,120,2,832.79,18.5
1413,1157,99,1,408.74,13.0
1414,937,97,2,772.73,55.6
1415,424,113,5,804.2,26.5
1416,418,28,4,810.61,33.6
1417,234,114,5,822.18,23.0
1418,363,51,2,393.48,23.3
1419,2,10,5,713.04,22.6
1420,313,13,5,659.33,89.8
1421,945,95,1,477.88,28.1
1422,41,52,4,446.24,4.3
1423,759,106,1,573.15,15.7
1424,546,32,5,119.05,28.7
1425,240,59,1,320.35,17.4
1426,1093,83,3,318.2,22.0
1427,35,92,2,632.84,20.9
1428,818,69,2,552.41,24.9
1429,284,42,3,556.98,26.7
1430,333,44,5,249.18,19.1
1431,911,95,2,523.5,13.4
1432,974,19,4,383.63,9.1
1433,897,74,4,24.33,78.2
1434,937,40,4,233.14,18.5
1435,1170,37,1,858.48,60.8
1436,1033,109,4,418.53,45.8
1437,704,27,5,485.11,29.9
1438,600,100,1,242.37,23.8
1439,342,85,4,788.88,5.1
1440,65,21,4,39.98,16.6
1441,126,3,2,247.15,10.8
1442,214,99,5,790.15,5.7
1443,85,43,5,498.2,22.1
1444,537,107,1,500.23,26.0
1445,30,20,4,710.53,1.4
1446,436,6,4,685.0,17.8
1447,729,83,3,351.73,26.1
1448,1158,25,5,600.14,8.8
1449,920,73,4,823.01,19.6
1450,1088,61,1,32.95,6.1
1451,763,114,1,211.68,9.1
1452,517,17,1,357.09,34.3
1453,865,72,4,737.56,9.0
1454,80,49,2,109.56,18.3
1455,894,112,3,839.53,5.5
1456,371,16,3,216.14,19.4
1457,604,57,3,451.52,11.7
1458,1109,37,3,338.27,43.7
1459,350,13,2,483.27,14.7
1460,168,18,3,200.25,82.9
1461,116,1,4,119.31,9.1
1462,140,119,4,216.96,4.3
1463,949,64,3,484.78,7.4
1464,710,72,3,500.96,58.4
1465,626,22,3,130.25,3.0
1466,237,65,3,555.38,1.6
1467,107,68,1,330.13,7.7
1468,931,40,2,689.39,10.7
1469,290,39,5,659.96,8.9
1470,945,16,3,633.58,13.8
1471,533,38,5,186.84,14.6
1472,1095,4,1,479.22,26.2
1473,141,89,5,827.01,12.8
1474,77,66,5,801.21,16.7
1475,723,102,5,430.32,82.7
1476,891,24,1,285.55,69.2
1477,837,42,2,834.29,14.5
1478,1049,7,5,777.81,20.6
1479,386,38,4,449.42,13.3
1480,776,120,4,532.02,31.0
1481,430,105,5,546.12,37.6
1482,881,34,3,52.13,17.6
1483,60,89,1,481.38,14.4
1484,1183,3,2,750.23,10.2
1485,195,91,5,371.59,27.1
1486,349,84,3,663.83,15.5
1487,938,75,2,507.13,24.7
1488,1005,43,5,316.93,28.4
1489,228,108,2,133.4,17.5
1490,1104,78,1,738.9,54.0
1491,926,116,1,833.98,15.9
1492,538,119,1,711.97,6.2
1493,1017,98,5,895.45,3.1
1494,374,93,1,192.88,22.6
1495,1099,15,5,224.96,14.8
1496,1104,11,3,520.91,0.7
1497,1174,81,1,403.54,11.1
1498,303,72,4,528.75,78.9
1499,184,81,3,671.34,0.6
1500,952,96,-3,289.98,39.5
1501,249,16,5,76.44,85.8
1502,258,110,4,280.1,9.5
1503,249,32,1,518.7,9.8
1504,1096,103,5,646.88,32.8
1505,278,39,4,189.89,34.3
1506,1088,64,4,130.18,6.5
1507,715,66,4,513.67,24.2
1508,124,91,-2,492.37,29.3
1509,882,12,3,408.07,65.1
1510,791,106,5,441.17,34.7
1511,237,13,2,356.63,1.3
1512,275,108,2,427.03,2.8
1513,325,70,4,371.82,7.5
1514,363,67,3,234.5,20.5
1515,157,5,5,899.26,28.5
1516,420,43,3,371.59,97.5
1517,255,5,5,494.44,98.0
1518,17,34,4,191.63,85.7
1519,210,34,3,410.69,17.4
1520,650,102,1,519.93,1.3
1521,1015,52,5,565.89,0.1
1522,356,23,3,844.94,23.0
1523,656,97,1,770.83,83.1
1524,674,69,4,126.53,13.6
1525,403,3,4,726.41,29.6
1526,217,97,3,699.22,1.1
1527,625,27,5,811.53,6.2
1528,963,57,3,865.81,23.4
1529,829,37,4,17.46,23.3
1530,18,78,-1,848.16,15.4
1531,859,3,2,359.33,23.6
1532,81,119,2,776.81,8.5
1533,72,93,4,418.33,75.8
1534,136,3,4,622.07,8.2
1535,1158,28,3,898.06,55.1
1536,155,8,5,282.06,27.7
1537,296,97,4,30.2,16.7
1538,310,96,3,779.67,6.1
1539,364,48,4,758.57,5.6
1540,29,34,2,159.29,53.4
1541,106,5,4,475.63,38.1
1542,103,61,-3,362.42,5.1
1543,311,100,5,305.02,11.7
1544,849,93,5,327.55,16.3
1545,64,2,4,546.4,9.6
1546,499,18,5,869.3,46.1
1547,946,12,1,590.64,9.4
1548,419,70,5,41.92,26.5
1549,799,64,1,27.33,9.5
1550,573,96,1,898.92,16.7
1551,141,61,4,234.87,5.4
1552,297,106,3,267.36,27.1
1553,377,47,4,18.78,6.4
1554,553,97,1,527.09,24.7
1555,972,114,5,25.23,12.6
1556,724,41,2,425.94,46.6
1557,615,93,2,246.96,20.8
1558,1197,70,4,38.16,57.5
1559,227,41,5,525.39,5.1
1560,881,70,3,660.59,26.5
1561,523,62,5,608.65,46.4
1562,121,117,-3,245.96,0.7
1563,473,57,5,878.9,3.3
1564,67,63,5,121.91,1.3
1565,827,74,5,840.29,28.3
1566,413,51,2,751.08,29.4
1567,571,70,4,247.03,1.2
1568,324,16,5,372.15,18.7
1569,20,22,2,183.38,20.6
1570,304,111,-2,6.33,21.8
1571,125,3,-3,342.33,22.3
1572,826,59,1,552.91,52.1
1573,1164,12,1,368.54,58.0
1574,190,50,2,739.26,49.4
1575,936,95,5,850.84,13.8
1576,92,50,-3,306.47,25.3
1577,169,110,5,385.61,11.7
1578,84,7,-3,735.26,15.5
1579,449,32,1,652.1,44.6
1580,197,67,3,87.76,19.4
1581,531,43,5,866.75,29.2
1582,388,82,1,66.23,76.3
1583,569,53,4,292.88,18.2
1584,513,37,3,777.59,4.4
1585,110,13,2,243.96,0.5
1586,286,91,1,621.4,13.8
1587,456,66,3,871.49,89.1
1588,289,5,5,799.08,20.7
1589,279,60,3,575.27,31.2
1590,456,45,1,12.54,62.0
1591,1147,18,3,100.93,41.9
1592,143,81,3,314.63,66.6
1593,815,15,1,420.86,5.5
1594,874,53,-1,119.37,14.3
1595,178,4,2,184.45,17.0
1596,875,9,2,31.28,28.4
1597,767,2,4,394.53,28.7
1598,530,40,1,873.73,5.3
1599,296,57,2,767.66,82.5
1600,52,14,3,216.76,21.6
1601,420,94,2,237.23,28.8
1602,171,63,5,156.32,22.7
1603,259,106,2,357.85,15.3
1604,857,91,3,839.03,28.6
1605,267,36,5,791.99,12.3
1606,1118,57,3,712.15,46.7
1607,165,85,1,577.01,1.1
1608,223,104,5,511.23,29.2
1609,258,31,3,731.47,9.2
1610,859,113,4,495.18,4.5
1611,689,102,3,546.12,4.9
1612,526,74,1,873.06,8.3
1613,580,83,1,95.46,14.8
1614,401,70,5,136.34,85.7
1615,879,30,3,611.07,15.0
1616,1030,104,1,477.77,80.1
1617,1100,3,4,237.4,10.4
1618,202,105,1,167.66,87.8
1619,637,26,3,78.62,7.4
1620,61,16,1,283.31,15.8
1621,9,106,4,132.34,19.3
1622,1035,50,1,186.36,69.9
1623,216,77,5,562.49,1.5
1624,184,104,1,192.82,14.2
1625,240,31,4,674.05,14.0
1626,1137,54,1,796.74,26.5
1627,319,98,3,616.95,22.5
1628,105,93,1,525.74,97.8
1629,956,106,3,829.53,2.3
1630,897,44,5,153.26,47.3
1631,341,72,4,472.71,13.8
1632,959,77,2,423.81,3.2
1633,57,71,1,702.38,25.0
1634,266,115,5,791.81,29.6
1635,515,62,1,484.25,25.1
1636,83,58,5,777.65,0.2
1637,588,71,-3,646.1,10.6
1638,1026,5,-3,234.92,5.8
1639,277,28,2,150.23,11.7
1640,78,102,5,603.66,10.6
1641,934,34,4,22.83,20.5
1642,731,9,1,225.09,27.4
1643,747,90,2,85.05,11.5
1644,833,115,2,352.61,92.8
1645,446,26,5,691.33,4.7
1646,434,90,1,559.9,17.3
1647,591,70,5,64.03,30.1
1648,220,95,1,733.57,6.9
1649,302,13,1,342.47,22.9
1650,1127,50,4,643.06,66.8
1651,676,30,1,88.66,24.6
1652,566,117,3,692.99,50.6
1653,1199,101,1,291.45,33.7
1654,228,18,1,815.72,9.9
1655,202,18,3,689.74,3.0
1656,742,34,1,687.37,13.9
1657,466,94,2,269.59,75.8
1658,758,99,4,424.36,6.5
1659,209,4,1,745.08,10.8
1660,540,97,5,895.44,14.4
1661,126,28,3,279.67,1.6
1662,381,114,1,757.28,9.7
1663,941,86,1,149.99,26.0
1664,808,88,2,804.69,51.6
1665,615,6,4,229.35,65.3
1666,773,88,4,851.31,21.2
1667,693,27,4,430.92,10.7
1668,257,28,4,651.22,18.2
1669,833,115,1,718.61,28.1
1670,806,76,2,56.49,11.1
1671,482,34,-1,620.14,18.1
1672,297,61,4,669.27,9.8
1673,921,55,1,286.27,22.1
1674,843,58,4,452.67,15.0
1675,695,45,4,766.23,25.9
1676,495,107,3,136.71,21.0
1677,825,96,4,657.14,70.6
1678,360,83,1,100.24,46.5
1679,760,84,4,548.04,3.2
1680,337,8,2,557.03,3.4
1681,550,108,5,500.35,17.6
1682,213,107,5,12.04,24.2
1683,384,4,4,895.44,23.8
1684,29,13,3,170.02,14.9
1685,159,8,1,782.17,26.5
1686,40,118,1,363.06,88.7
1687,81,114,1,847.52,19.8
1688,379,53,2,232.16,57.8
1689,232,111,2,509.07,13.0
1690,495,118,5,203.95,22.2
1691,666,34,3,556.13,29.6
1692,666,14,2,665.65,46.2
1693,324,98,5,775.76,57.3
1694,794,29,1,272.13,24.5
1695,122,17,4,410.04,24.7
1696,930,111,3,323.53,48.9
1697,766,3,1,457.57,9.0
1698,6,54,3,679.42,0.7
1699,92,70,-3,830.52,25.3
1700,352,77,2,695.62,23.3
1701,613,113,5,34.15,57.2
1702,71,75,2,316.9,20.6
1703,14,22,1,41.46,27.2
1704,679,45,1,106.6,6.8
1705,692,37,1,207.3,15.1
1706,1136,104,2,563.28,7.4
1707,333,38,4,827.63,4.0
1708,1101,4,5,899.84,12.6
1709,552,97,2,792.33,78.0
1710,805,41,5,543.02,5.6
1711,293,32,4,182.29,9.3
1712,762,36,1,348.62,26.0
1713,191,73,4,311.0,2.9
1714,272,24,1,634.18,37.2
1715,821,17,3,428.74,85.3
1716,817,33,2,632.59,12.8
1717,919,104,1,9.04,19.8
1718,1092,116,2,247.08,70.5
1719,129,46,3,322.39,8.1
1720,286,13,1,273.06,1.5
1721,905,63,4,575.75,60.5
1722,260,48,3,774.67,9.3
1723,1117,31,3,567.31,21.0
1724,1106,102,2,663.68,9.1
1725,1112,62,4,445.97,17.2
1726,428,113,2,532.08,12.9
1727,196,46,1,153.51,16.3
1728,594,56,5,303.52,23.5
1729,1080,68,5,158.76,21.0
1730,979,18,2,21.1,11.9
1731,257,85,2,329.36,25.9
1732,654,95,5,355.65,5.2
1733,718,2,5,169.1,19.9
1734,831,22,3,405.26,5.7
1735,516,113,1,86.12,23.8
1736,504,119,3,514.91,1.1
1737,28,78,4,358.0,13.3
1738,276,53,3,827.11,24.8
1739,108,75,2,170.67,8.6
1740,81,3,5,72.01,2.5
1741,450,32,2,487.18,16.0
1742,950,12,5,203.86,20.8
1743,860,3,2,417.96,9.6
1744,576,52,4,748.7,97.6
1745,266,51,5,643.34,0.4
1746,667,30,2,247.88,82.6
1747,301,110,1,189.0,5.9
1748,841,15,-3,236.78,28.9
1749,614,18,1,353.24,81.7
1750,239,118,4,164.92,26.8
1751,1072,47,4,805.39,12.7
1752,427,102,3,166.15,24.6
1753,878,104,3,773.22,55.0
1754,41,12,4,559.65,5.2
1755,375,6,3,506.52,8.0
1756,548,10,2,201.03,23.4
1757,403,65,5,233.7,29.9
1758,339,46,5,335.9,84.2
1759,281,54,1,256.38,5.9
1760,889,94,1,589.29,0.1
1761,695,30,3,565.11,22.3
1762,549,23,3,214.84,18.1
1763,67,75,4,482.6,42.7
1764,625,63,4,664.65,45.6
1765,1071,34,4,50.85,2.5
1766,925,108,3,791.23,41.4
1767,958,17,4,680.74,27.7
1768,138,48,1,469.92,22.4
1769,1170,5,2,410.27,5.0
1770,226,2,3,304.4,19.5
1771,1152,50,-1,330.19,12.9
1772,692,116,2,402.57,17.8
1773,504,28,-2,581.93,0.7
1774,829,61,1,495.45,73.5
1775,862,53,4,820.55,23.3
1776,34,99,5,584.1,6.5
1777,675,87,1,351.55,17.2
1778,419,39,2,628.26,26.1
1779,1032,97,4,26.54,24.0
1780,661,109,-3,574.94,4.2
1781,242,89,3,584.88,22.9
1782,160,70,4,31.62,5.6
1783,126,98,2,522.2,26.9
1784,31,61,5,525.31,15.3
1785,165,87,5,837.79,16.9
1786,858,90,2,696.49,9.0
1787,13,69,3,551.62,58.7
1788,324,4,5,484.33,7.0
1789,179,87,3,275.73,18.0
1790,40,15,5,551.39,0.8
1791,780,77,5,309.28,5.7
1792,754,34,5,150.35,7.0
1793,1050,96,2,731.49,23.5
1794,155,60,1,375.79,27.8
1795,792,82,3,598.67,10.3
1796,1081,75,1,97.15,7.6
1797,1190,118,2,811.62,2.8
1798,4,26,1,107.42,59.9
1799,320,53,1,404.41,3.1
1800,1105,5,1,411.56,15.9
1801,850,71,3,750.47,9.8
1802,62,85,4,136.84,17.4
1803,695,73,4,570.05,41.9
1804,5,55,1,648.71,11.5
1805,226,22,4,355.76,3.3
1806,274,108,-3,112.44,75.7
1807,359,119,3,256.15,80.3
1808,782,81,3,303.94,24.6
1809,993,116,-1,14.8,24.3
1810,293,39,3,197.38,17.6
1811,320,29,2,13.01,8.0
1812,925,52,1,228.68,22.8
1813,2,17,3,221.84,25.3
1814,632,6,2,630.07,15.0
1815,163,90,4,711.85,8.4
1816,34,32,3,757.16,16.4
1817,244,46,5,409.33,15.5
1818,567,92,2,899.16,6.9
1819,79,49,4,545.87,15.9
1820,582,75,3,525.42,14.5
1821,357,18,3,171.47,5.5
1822,842,73,1,348.53,29.0
1823,1166,75,2,803.82,29.6
1824,317,76,5,713.06,7.4
1825,657,97,4,779.32,15.4
1826,1015,58,3,825.15,9.0
1827,506,33,1,473.32,7.5
1828,506,13,5,477.45,76.4
1829,174,20,4,13.81,6.6
1830,610,7,4,837.3,61.7
1831,138,102,2,768.35,21.9
1832,1156,10,1,19.93,17.2
1833,659,20,5,425.72,61.3
1834,891,83,4,270.92,20.0
1835,278,38,3,560.87,4.5
1836,1063,24,2,32.73,29.8
1837,877,78,1,562.03,90.6
1838,821,17,5,846.45,16.4
1839,70,84,3,365.06,0.4
1840,971,85,1,406.47,3.0
1841,1078,56,4,141.88,27.5
1842,595,109,3,226.88,14.7
1843,247,91,2,868.11,14.5
1844,647,109,1,51.39,5.9
1845,348,10,3,60.59,22.7
1846,368,6,3,750.83,17.5
1847,146,76,4,178.07,5.7
1848,377,104,3,251.18,16.5
1849,1,100,4,27.98,16.0
1850,264,100,1,831.09,20.8
1851,964,53,5,68.81,1.0
1852,1142,110,3,85.4,28.8
1853,341,111,3,75.22,5.8
1854,524,5,1,504.72,0.0
1855,710,70,1,292.26,7.8
1856,804,86,5,601.43,1.4
1857,1008,106,1,260.13,26.8
1858,26,92,3,109.92,1.8
1859,510,78,5,138.9,54.0
1860,429,76,2,691.63,1.2
1861,1053,48,5,501.44,8.4
1862,44,85,5,16.14,4.7
1863,693,12,4,257.82,18.0
1864,418,93,4,123.28,19.0
1865,960,39,1,455.31,1.6
1866,885,63,5,504.76,1.3
1867,345,6,1,541.54,16.2
1868,578,111,1,183.72,4.4
1869,799,49,3,485.72,16.8
1870,703,21,2,171.89,59.4
1871,826,5,4,719.85,4.8
1872,38,41,4,611.92,28.6
1873,745,92,4,655.14,1.7
1874,1090,87,2,827.09,2.4
1875,131,38,1,741.47,21.9
1876,1181,35,4,724.5,4.0
1877,835,24,5,341.45,23.2
1878,28,18,1,667.18,3.9
1879,996,105,4,10.31,15.5
1880,100,43,1,357.07,39.6
1881,889,107,-1,120.69,19.2
1882,879,35,5,492.79,86.0
1883,90,76,2,57.54,19.2
1884,294,47,5,239.75,20.0
1885,943,97,4,628.02,25.7
1886,1177,84,4,42.29,16.0
1887,89,18,4,317.19,14.8
1888,605,85,3,883.43,4.1
1889,654,37,5,256.96,32.9
1890,1053,12,1,569.41,54.8
1891,798,45,5,194.17,25.4
1892,677,51,2,780.93,20.6
1893,306,16,4,51.84,11.4
1894,481,104,4,757.12,12.7
1895,917,2,2,683.2,12.2
1896,269,26,1,332.55,2.1
1897,408,88,-2,211.21,28.5
1898,867,64,3,383.81,13.2
1899,127,48,3,275.49,59.1
1900,630,57,1,640.14,22.0
1901,749,28,3,626.48,14.0
1902,112,41,1,517.54,22.8
1903,1075,82,4,394.08,9.0
1904,829,75,3,352.57,23.5
1905,661,92,3,566.35,11.9
1906,15,48,1,695.94,29.8
1907,980,109,1,490.14,0.6
1908,206,73,1,545.11,7.3
1909,389,109,5,630.25,68.3
1910,431,73,4,263.74,86.9
1911,274,42,2,734.85,26.9
1912,943,49,5,589.2,43.9
1913,485,80,2,205.33,10.1
1914,289,6,2,24.41,68.9
1915,1,9,2,209.02,15.5
1916,601,18,3,447.71,59.1
1917,306,114,4,301.6,2.5
1918,551,89,4,56.53,9.7
1919,1165,89,1,185.56,3.7
1920,8,92,3,886.29,15.5
1921,886,81,2,822.68,14.0
1922,448,27,4,798.6,28.8
1923,816,52,4,30.31,0.1
1924,1144,47,4,718.83,9.4
1925,1032,102,3,80.91,19.2
1926,610,94,4,246.87,26.1
1927,970,101,5,154.47,4.1
1928,1166,119,-2,748.21,4.0
1929,830,25,3,572.69,28.3
1930,538,53,3,518.44,59.5
1931,428,14,2,882.94,17.1
1932,993,96,5,638.72,17.9
1933,159,33,5,387.39,18.6
1934,646,105,3,539.51,6.2
1935,854,100,3,198.75,22.2
1936,527,115,2,95.26,17.6
1937,1093,104,1,299.94,93.3
1938,467,33,-3,70.54,13.1
1939,335,18,5,875.09,9.1
1940,1020,39,2,310.2,22.4
1941,1007,9,5,476.09,3.9
1942,923,68,4,56.74,29.2
1943,595,9,1,349.06,73.1
1944,524,74,4,278.82,17.2
1945,1099,112,4,26.93,15.5
1946,909,80,4,177.55,7.2
1947,8,110,4,142.98,3.6
1948,1113,8,2,378.38,4.0
1949,203,54,3,660.55,12.2
1950,569,43,5,852.58,22.5
1951,735,114,1,892.12,47.0
1952,563,1,-2,473.78,23.6
1953,850,104,2,265.6,7.1
1954,784,46,1,142.75,25.8
1955,533,9,5,552.4,0.1
1956,414,26,5,898.31,77.6
1957,652,106,1,658.52,28.7
1958,837,25,5,271.98,4.6
1959,435,66,1,160.16,10.0
1960,100,70,5,204.89,23.3
1961,570,96,3,602.84,77.0
1962,136,106,5,438.89,24.6
1963,1180,113,3,306.29,26.9
1964,430,47,3,476.33,91.4
1965,951,27,4,677.85,29.6
1966,30,74,2,517.87,26.6
1967,1198,107,5,45.42,13.0
1968,346,92,3,136.69,25.7
1969,478,12,5,542.42,10.0
1970,575,79,1,424.44,4.6
1971,466,13,4,600.16,16.0
1972,943,47,1,592.39,89.9
1973,548,117,2,185.31,22.6
1974,265,108,5,787.04,24.2
1975,567,14,2,224.0,5.0
1976,880,4,3,651.7,18.7
1977,574,22,4,266.82,3.0
1978,909,25,4,365.56,6.4
1979,178,48,5,831.37,2.7
1980,1108,65,2,798.29,24.7
1981,1154,40,5,536.38,42.0
1982,313,31,2,201.96,13.5
1983,1030,75,-1,796.09,67.9
1984,1174,8,4,288.14,79.9
1985,1111,81,1,605.63,24.3
1986,915,75,3,68.19,12.6
1987,643,41,5,74.27,25.9
1988,1108,80,4,675.31,2.0
1989,1195,9,5,56.98,11.1
1990,800,22,5,193.04,51.2
1991,842,27,2,863.74,12.0
1992,310,31,1,166.46,23.6
1993,58,81,1,494.73,3.0
1994,1162,83,5,581.0,23.5
1995,202,66,1,585.73,27.5
1996,795,92,5,37.8,45.5
1997,271,29,2,532.58,55.3
1998,474,29,5,598.16,19.8
1999,931,118,3,44.59,13.8
2000,848,111,2,896.91,35.4
2001,914,2,4,216.33,17.1
2002,447,13,3,570.75,23.0
2003,902,87,3,118.65,47.8
2004,456,67,3,240.75,29.5
2005,1101,27,1,283.67,14.5
2006,106,84,1,678.53,29.3
2007,661,109,4,484.5,9.7
2008,806,105,5,543.56,17.5
2009,897,113,5,404.54,88.2
2010,476,82,3,324.66,7.9
2011,969,74,1,823.91,24.6
2012,867,93,3,733.89,21.8
2013,276,79,2,683.75,6.2
2014,244,46,4,332.62,4.8
2015,302,85,1,460.59,23.2
2016,427,91,5,747.73,11.0
2017,624,83,2,207.84,11.3
2018,764,9,3,486.1,23.9
2019,50,60,3,266.02,14.1
2020,522,50,1,314.11,10.7
2021,581,84,4,244.62,27.9
2022,236,55,1,306.32,26.9
2023,158,66,4,510.27,83.4
2024,588,115,2,710.02,27.3
2025,983,50,1,636.18,56.2
2026,998,104,1,663.67,81.0
2027,257,69,2,874.13,0.9
2028,311,55,3,872.47,17.3
2029,1199,50,2,109.33,12.5
2030,927,59,4,891.0,28.6
2031,4,18,4,824.17,81.1
2032,66,18,2,124.61,6.6
2033,1115,6,2,654.05,16.6
2034,863,63,1,88.94,18.4
2035,671,20,3,733.76,29.4
2036,337,28,3,61.09,11.9
2037,739,56,2,782.36,1.6
2038,1126,50,2,344.75,58.5
2039,731,95,4,804.8,10.7
2040,324,82,4,341.19,24.4
2041,612,78,2,834.93,27.6
2042,1122,42,-1,669.94,1.9
2043,427,107,3,702.64,7.7
2044,1126,52,2,482.43,17.2
2045,616,61,2,64.16,8.3
2046,172,48,3,524.33,35.8
2047,235,34,5,414.9,17.7
2048,649,28,1,264.11,8.6
2049,903,64,4,89.81,69.8
2050,766,65,1,652.16,29.0
2051,176,40,1,295.49,7.5
2052,888,62,2,570.02,0.4
2053,1124,10,1,45.58,18.9
2054,656,55,3,686.08,12.2
2055,1123,84,2,778.03,19.7
2056,501,119,1,338.2,70.7
2057,402,2,1,170.29,95.9
2058,885,112,3,819.41,32.6
2059,283,22,1,90.77,0.8
2060,838,62,3,72.47,17.7
2061,291,3,4,384.85,84.9
2062,1064,19,2,253.7,32.0
2063,268,24,1,338.33,2.8
2064,95,109,2,234.14,6.7
2065,207,25,2,330.44,28.7
2066,240,102,2,660.98,83.2
2067,844,87,2,198.84,40.0
2068,611,79,1,160.07,12.9
2069,396,35,1,658.07,10.7
2070,896,97,4,564.47,7.3
2071,1174,71,3,163.73,7.0
2072,829,107,3,621.08,29.5
2073,828,48,5,763.12,76.4
2074,799,21,2,785.74,18.6
2075,854,54,3,428.1,6.6
2076,829,109,3,147.53,23.3
2077,555,119,4,649.11,10.1
2078,1150,75,4,118.92,23.0
2079,1130,114,2,142.92,91.1
2080,796,64,2,271.54,2.5
2081,938,111,4,856.06,16.4
2082,460,42,3,372.69,22.5
2083,505,86,4,707.39,16.2
2084,607,73,2,556.24,22.8
2085,159,54,2,608.06,3.0
2086,1056,84,4,84.1,49.7
2087,427,61,1,427.02,83.0
2088,9,13,5,384.13,16.6
2089,40,72,4,660.06,3.5
2090,251,37,2,534.98,77.3
2091,813,24,3,755.3,29.7
2092,337,50,3,313.3,27.5
2093,392,77,2,674.51,24.2
2094,616,2,5,239.73,2.4
2095,225,24,4,648.15,2.7
2096,840,58,1,373.47,6.7
2097,674,29,1,98.87,5.1
2098,1170,4,2,513.08,58.5
2099,167,25,3,875.0,91.8
2100,859,107,2,861.51,79.5
2101,577,6,5,718.44,72.8
2102,146,111,5,198.78,25.1
2103,1115,12,1,877.91,21.3
2104,171,99,-2,592.26,26.8
2105,80,20,4,768.63,12.1
2106,1115,5,1,789.17,7.4
2107,296,16,2,235.75,28.0
2108,620,71,2,896.79,19.7
2109,872,8,5,886.01,83.7
2110,205,27,4,57.59,14.4
2111,177,102,2,789.83,2.9
2112,634,119,1,896.74,13.9
2113,9,21,5,502.3,8.7
2114,245,17,4,766.72,13.7
2115,993,120,5,195.75,25.5
2116,755,63,4,172.83,55.4
2117,164,5,4,274.99,19.7
2118,777,16,3,156.54,3.6
2119,582,113,2,78.75,9.9
2120,842,77,2,352.74,7.6
2121,706,44,3,162.07,22.2
2122,154,1,3,258.28,2.0
2123,956,75,5,251.95,27.3
2124,873,50,5,515.34,6.6
2125,120,4,5,891.42,10.2
2126,925,45,4,191.35,15.1
2127,299,110,4,576.15,15.6
2128,828,18,3,367.56,38.3
2129,17,61,-1,79.29,19.6
2130,563,15,1,888.21,19.4
2131,863,111,1,709.77,23.3
2132,211,113,-3,882.52,16.2
2133,121,87,1,439.85,0.2
2134,835,22,1,113.93,19.8
2135,287,30,2,166.98,8.5
2136,1098,36,2,475.78,18.2
2137,609,5,-1,39.92,8.0
2138,238,30,1,635.56,10.4
2139,61,106,3,178.84,28.3
2140,299,22,5,534.88,0.2
2141,895,38,3,861.07,1.2
2142,952,68,2,834.34,7.3
2143,615,14,3,222.11,33.3
2144,259,101,1,837.2,47.0
2145,840,103,2,497.79,64.2
2146,1138,119,1,350.05,14.9
2147,1146,83,1,607.95,55.8
2148,237,86,2,742.4,27.1
2149,911,33,2,740.71,17.3
2150,654,105,3,862.25,23.5
2151,1172,40,1,492.53,57.6
2152,2,107,4,511.96,29.8
2153,314,67,5,389.09,21.8
2154,796,43,2,214.01,11.1
2155,89,11,2,402.52,22.3
2156,1148,9,5,57.43,19.1
2157,1049,36,4,556.29,61.3
2158,815,38,4,697.62,27.3
2159,662,103,1,480.7,7.2
2160,289,116,2,274.83,3.2
2161,164,59,3,104.0,7.4
2162,816,77,5,307.54,25.4
2163,1198,119,-1,751.52,11.4
2164,333,36,4,59.98,6.4
2165,296,80,5,265.55,22.2
2166,170,42,2,475.2,28.0
2167,287,78,2,814.81,18.0
2168,907,21,3,856.39,24.9
2169,55,39,4,489.71,27.2
2170,736,88,2,810.36,6.3
2171,11,51,2,738.37,29.1
2172,249,108,2,452.6,23.4
2173,734,1,1,379.1,1.5
2174,1181,31,2,339.44,60.4
2175,174,78,1,583.28,58.2
2176,700,56,2,169.86,21.5
2177,576,90,5,667.27,18.0
2178,6,94,5,731.65,0.0
2179,705,94,2,127.36,96.2
2180,960,60,5,692.7,37.7
2181,904,94,2,402.32,3.5
2182,606,97,5,630.87,8.0
2183,925,64,4,641.79,10.3
2184,965,83,4,64.87,57.5
2185,1135,12,3,431.73,66.2
2186,123,20,1,609.28,18.8
2187,905,4,4,571.19,24.6
2188,310,26,1,487.54,2.1
2189,283,49,5,649.81,11.0
2190,452,117,1,261.03,31.2
2191,45,6,-3,224.13,23.2
2192,504,73,5,817.54,24.3
2193,150,27,4,313.4,15.1
2194,779,49,2,873.95,16.1
2195,529,14,5,185.53,12.4
2196,1168,10,3,806.49,4.2
2197,194,13,1,734.0,4.9
2198,877,51,4,403.38,6.6
2199,756,9,4,168.86,94.3
2200,452,104,4,855.41,11.8
2201,791,79,4,237.86,8.8
2202,873,21,5,262.74,3.6
2203,629,53,3,10.2,3.9
2204,1163,54,5,836.28,4.3
2205,112,111,2,676.87,21.3
2206,368,77,3,633.43,17.5
2207,442,33,3,780.49,57.6
2208,617,56,3,811.43,78.7
2209,600,115,5,885.65,25.6
2210,13,37,4,652.12,26.3
2211,766,15,3,629.81,2.4
2212,472,84,2,88.78,20.4
2213,295,100,4,582.37,20.8
2214,1163,90,3,62.31,14.6
2215,912,2,4,568.98,25.5
2216,1066,55,1,65.29,79.4
2217,311,4,1,802.75,15.5
2218,1031,118,4,736.31,26.1
2219,417,27,2,383.46,17.3
2220,47,102,5,546.7,22.2
2221,176,90,1,767.38,7.6
2222,586,115,5,124.11,11.1
2223,859,36,1,106.78,26.2
2224,757,98,5,837.82,24.7
2225,2,10,3,266.14,34.5
2226,1087,92,1,489.1,95.2
2227,1044,74,1,260.83,1.8
2228,126,35,3,368.07,10.2
2229,438,107,5,572.7,51.5
2230,445,62,3,320.28,4.2
2231,25,14,5,838.6,13.4
2232,998,108,5,239.73,92.7
2233,77,20,1,367.29,20.8
2234,419,62,4,88.6,27.8
2235,869,103,4,105.98,14.1
2236,790,57,5,185.76,41.4
2237,976,112,3,779.03,29.4
2238,425,48,3,581.04,34.8
2239,671,57,5,335.81,7.2
2240,507,75,5,150.97,40.0
2241,291,13,4,304.96,68.1
2242,1105,105,4,387.84,26.1
2243,9,105,2,10.78,10.2
2244,323,116,2,433.7,17.8
2245,455,33,3,730.85,4.9
2246,258,112,3,386.69,0.1
2247,1115,60,1,483.98,14.2
2248,17,82,2,502.24,5.0
2249,991,102,4,828.27,3.5
2250,1027,38,2,625.5,15.1
2251,799,26,-3,60.02,2.5
2252,150,7,3,131.03,29.0
2253,444,114,1,317.17,25.5
2254,916,61,5,751.63,27.1
2255,247,87,4,101.96,18.3
2256,717,99,4,369.01,60.9
2257,774,68,2,262.38,1.7
2258,751,20,3,850.75,11.4
2259,747,26,5,184.26,3.8
2260,181,75,3,223.27,0.4
2261,44,47,4,606.23,22.9
2262,686,64,5,107.29,9.9
2263,197,6,2,380.06,3.3
2264,822,45,2,604.14,27.3
2265,934,111,2,202.49,50.0
2266,424,46,1,542.11,57.0
2267,967,73,3,349.04,21.3
2268,847,82,3,612.51,15.6
2269,426,12,4,624.94,12.2
2270,748,19,2,282.79,7.9
2271,341,93,2,264.64,3.4
2272,290,3,1,82.29,11.3
2273,36,41,1,505.73,6.3
2274,294,64,4,859.15,5.7
2275,406,31,4,761.29,11.4
2276,412,104,-1,55.89,5.2
2277,481,9,5,106.99,94.1
2278,1089,6,2,305.65,1.9
2279,1114,113,2,564.37,74.0
2280,102,119,2,571.85,2.7
2281,856,51,1,463.1,4.2
2282,281,87,5,64.77,26.0
2283,1172,39,3,693.35,26.2
2284,452,10,1,37.52,16.5
2285,435,87,2,12.49,14.9
2286,416,78,5,264.74,55.8
2287,256,96,4,547.73,12.2
2288,730,83,-3,97.94,12.8
2289,202,66,4,783.41,53.1
2290,444,53,4,492.55,20.0
2291,51,12,4,791.79,4.8
2292,823,23,2,385.48,15.4
2293,1055,2,2,405.55,28.5
2294,666,22,5,610.0,29.0
2295,2,60,5,221.44,16.1
2296,278,42,4,434.84,32.3
2297,1016,49,5,755.55,11.1
2298,1090,4,1,827.02,8.7
2299,903,14,4,300.05,5.7
2300,144,106,3,781.33,2.8
2301,1092,57,1,758.15,12.9
2302,115,112,1,8.9,7.9
2303,371,67,5,752.57,19.2
2304,102,81,1,697.68,0.5
2305,209,94,3,572.09,50.7
2306,74,64,5,680.04,66.2
2307,706,20,2,208.22,60.5
2308,244,82,4,155.49,78.2
2309,1021,82,2,732.09,27.1
2310,868,18,5,408.85,94.5
2311,591,4,3,447.86,2.8
2312,568,40,5,333.89,23.3
2313,1016,33,4,490.76,6.2
2314,623,33,2,232.68,8.4
2315,879,115,5,598.08,27.8
2316,1053,26,3,458.48,16.8
2317,469,85,3,591.15,18.9
2318,853,107,4,880.88,15.5
2319,493,20,-3,731.21,15.7
2320,10,119,5,265.2,88.4
2321,837,99,5,200.51,7.6
2322,500,112,4,897.15,26.0
2323,65,46,-3,712.45,1.8
2324,66,77,3,363.8,82.3
2325,105,59,2,826.4,22.8
2326,1162,6,4,208.41,27.2
2327,645,35,3,601.92,0.1
2328,1152,119,-2,128.25,10.5
2329,726,5,1,273.41,19.7
2330,1152,13,3,208.14,90.9
2331,543,99,2,742.81,18.6
2332,678,25,1,104.95,35.3
2333,60,36,2,363.99,46.1
2334,542,20,4,815.97,10.3
2335,105,68,2,478.03,20.3
2336,714,38,1,237.29,29.3
2337,166,75,1,75.16,27.7
2338,705,107,2,621.33,27.7
2339,856,18,5,761.45,6.0
2340,906,33,2,762.04,24.9
2341,768,55,2,686.14,10.2
2342,869,4,5,111.08,19.7
2343,804,21,-3,839.95,7.0
2344,884,31,-1,831.04,28.5
2345,893,96,1,283.13,33.0
2346,1106,19,2,823.37,12.6
2347,467,87,2,857.28,78.2
2348,1088,118,1,281.18,28.1
2349,598,84,2,335.52,12.0
2350,751,6,2,499.91,7.1
2351,505,33,3,691.56,14.0
2352,131,15,3,533.47,18.9
2353,398,115,2,583.97,88.3
2354,763,29,1,798.51,25.7
2355,1199,62,1,292.02,20.5
2356,235,87,5,118.22,28.8
2357,132,117,2,460.76,4.2
2358,171,96,5,442.81,4.7
2359,201,76,4,512.64,32.2
2360,447,87,4,106.95,13.7
2361,1053,88,1,400.65,85.0
2362,166,48,1,232.59,0.3
2363,364,1,4,669.45,16.8
2364,1137,79,2,671.57,10.4
2365,114,22,5,362.79,1.4
2366,98,35,-3,710.87,68.5
2367,941,87,1,485.14,7.2
2368,869,70,1,72.59,54.9
2369,271,58,1,784.86,7.3
2370,576,49,5,282.9,9.9
2371,1097,85,3,717.5,77.1
2372,404,88,4,473.06,19.1
2373,456,54,2,486.04,20.4
2374,981,32,5,16.3,17.8
2375,628,83,4,169.85,35.4
2376,166,33,1,703.59,27.4
2377,936,15,3,506.76,0.8
2378,1092,108,1,166.37,15.9
2379,166,98,5,679.36,24.0
2380,623,47,3,381.18,18.5
2381,705,44,1,542.04,15.0
2382,484,57,1,620.85,15.0
2383,290,109,5,322.17,74.2
2384,782,119,5,200.79,36.3
2385,425,59,5,762.23,22.4
2386,96,22,2,620.21,22.8
2387,592,86,1,275.22,26.6
2388,361,64,2,5.76,3.3
2389,937,54,3,160.83,11.2
2390,606,66,5,360.12,12.6
2391,852,34,3,352.53,29.3
2392,794,76,4,834.64,55.1
2393,474,1,-3,201.8,27.6
2394,467,52,1,690.13,5.4
2395,297,100,5,106.69,14.5
2396,119,50,2,255.74,26.4
2397,773,96,2,523.21,45.2
2398,263,66,4,116.05,8.8
2399,234,58,4,588.54,14.4
2400,918,68,5,592.27,14.3
2401,584,75,5,542.24,27.9
2402,277,14,1,254.85,23.7
2403,856,46,1,499.84,3.1
2404,20,56,2,570.5,28.7
2405,642,53,1,893.87,9.4
2406,945,47,4,737.09,22.6
2407,212,54,5,372.42,16.8
2408,146,12,2,475.37,17.7
2409,1190,114,4,479.71,20.9
2410,234,98,1,452.13,14.8
2411,387,102,2,107.85,98.4
2412,399,54,2,73.81,15.8
2413,549,75,1,282.87,1.7
2414,976,87,3,676.01,23.3
2415,1032,29,4,813.91,7.0
2416,1123,98,2,436.24,73.3
2417,316,19,3,99.73,2.1
2418,378,42,1,568.27,27.1
2419,521,107,4,808.74,3.2
2420,374,91,1,113.76,7.0
2421,535,46,2,652.38,9.6
2422,193,41,1,544.78,77.2
2423,964,77,3,698.78,19.5
2424,878,90,3,794.33,13.9
2425,569,118,5,886.82,26.0
2426,221,59,2,299.12,27.8
2427,858,52,1,790.22,62.2
2428,394,120,1,433.01,47.9
2429,464,91,1,637.18,13.3
2430,352,83,3,89.18,26.4
2431,471,104,4,607.97,73.4
2432,889,41,1,89.26,19.5
2433,635,38,3,685.9,25.6
2434,319,86,1,145.82,80.9
2435,754,1,3,398.1,26.8
2436,187,16,5,386.09,33.6
2437,562,2,5,260.08,10.5
2438,1105,80,2,423.37,24.9
2439,275,39,1,617.52,15.3
2440,367,50,1,29.31,38.3
2441,548,24,5,891.12,95.7
2442,496,62,4,392.34,30.0
2443,355,100,3,214.19,2.8
2444,513,12,5,705.28,67.7
2445,473,101,2,256.0,4.5
2446,5,49,2,463.59,41.0
2447,413,104,5,487.22,23.8
2448,428,61,5,346.22,7.6
2449,77,65,3,731.68,24.9
2450,1152,23,5,850.52,10.3
2451,922,35,1,521.97,29.2
2452,1146,82,5,727.23,18.3
2453,983,108,1,227.62,27.1
2454,865,37,3,542.84,14.1
2455,673,6,1,723.3,0.1
2456,697,36,5,854.84,27.5
2457,584,95,4,601.93,13.0
2458,922,76,5,236.1,70.1
2459,938,90,1,785.6,13.0
2460,106,11,5,399.08,2.6
2461,441,103,4,96.85,24.9
2462,858,56,1,589.09,72.8
2463,866,3,4,444.8,56.3
2464,371,27,2,872.84,26.6
2465,891,74,1,795.23,8.3
2466,35,83,4,370.63,23.7
2467,470,63,1,126.46,27.0
2468,365,102,1,427.11,17.6
2469,679,103,3,863.27,9.9
2470,493,69,4,387.91,37.6
2471,617,66,1,568.12,7.5
2472,589,74,4,774.21,20.1
2473,402,42,2,21.96,0.7
2474,163,109,4,496.6,10.0
2475,427,1,5,774.39,86.8
2476,1003,59,4,684.29,21.6
2477,671,54,2,673.89,30.4
2478,577,28,3,365.65,11.3
2479,501,30,1,608.47,22.2
2480,901,87,4,644.09,1.4
2481,451,108,4,274.8,13.8
2482,877,23,2,352.37,13.3
2483,642,90,5,812.05,26.6
2484,1001,105,4,869.74,18.4
2485,588,84,3,756.18,4.2
2486,726,109,4,709.55,26.1
2487,492,61,4,504.03,26.5
2488,308,3,4,382.02,9.2
2489,912,45,1,73.05,23.0
2490,426,8,1,710.95,1.4
2491,569,95,4,338.48,15.2
2492,496,96,3,312.35,28.8
2493,684,84,3,225.17,27.4
2494,267,53,1,570.01,20.1
2495,28,111,3,422.44,17.1
2496,162,9,2,734.36,22.6
2497,741,106,1,542.01,15.1
2498,818,107,1,82.65,88.7
2499,1029,28,4,709.86,42.6
2500,639,94,4,385.42,64.3
2501,837,66,1,256.19,17.5
2502,819,86,4,495.07,61.4
2503,764,92,4,312.07,11.2
2504,1079,83,3,647.9,20.7
2505,8,94,2,449.26,25.7
2506,647,36,2,562.71,27.4
2507,138,33,1,198.57,38.9
2508,67,40,4,781.52,59.1
2509,185,33,5,308.93,29.9
2510,620,106,2,297.95,10.3
2511,341,118,5,435.36,35.7
2512,169,69,4,375.19,25.9
2513,982,39,1,872.59,2.3
2514,385,2,5,339.63,94.5
2515,857,99,1,317.59,28.1
2516,1102,47,1,442.62,10.3
2517,119,104,3,636.76,29.2
2518,350,71,3,328.1,26.6
2519,227,49,5,164.14,28.3
2520,199,76,5,687.17,16.4
2521,85,94,2,864.66,25.8
2522,789,25,5,883.92,91.5
2523,211,89,3,518.94,7.3
2524,107,108,1,160.18,4.6
2525,396,38,1,269.67,5.9
2526,172,43,3,329.39,28.6
2527,657,29,1,728.58,45.0
2528,1092,12,1,804.86,26.6
2529,835,47,3,598.96,13.7
2530,886,31,3,296.36,3.6
2531,1144,95,5,533.96,93.9
2532,547,44,4,279.57,61.8
2533,211,3,1,826.36,29.5
2534,780,89,1,57.69,25.2
2535,1079,82,3,124.93,12.1
2536,290,54,2,140.99,81.1
2537,729,119,2,587.09,18.5
2538,782,19,2,570.13,24.0
2539,177,96,-2,513.99,80.0
2540,721,64,2,498.39,21.1
2541,324,19,4,822.02,34.0
2542,1011,95,2,503.07,4.3
2543,717,12,2,811.37,9.9
2544,1049,114,1,637.31,63.2
2545,1057,52,-2,44.31,5.2
2546,373,34,-2,763.24,7.9
2547,818,89,3,42.28,7.7
2548,171,82,5,457.03,28.9
2549,532,27,4,299.66,12.9
2550,276,29,4,480.1,13.3
2551,781,45,5,562.98,20.6
2552,108,54,2,759.79,8.8
2553,201,103,2,502.63,27.9
2554,568,86,1,679.53,6.4
2555,35,27,3,771.87,23.9
2556,661,94,2,855.91,9.2
2557,250,34,5,659.31,7.0
2558,903,17,5,325.77,73.5
2559,972,28,5,301.59,65.8
2560,807,64,-3,233.98,15.5
2561,1083,96,3,345.1,17.8
2562,342,48,5,598.88,4.8
2563,338,92,1,685.32,21.8
2564,503,48,4,808.96,12.8
2565,611,88,4,439.04,14.9
2566,38,79,3,294.93,14.4
2567,551,94,3,748.7,4.4
2568,474,46,1,844.18,10.3
2569,676,77,5,631.52,16.1
2570,937,36,1,636.65,52.7
2571,321,55,1,755.93,23.7
2572,1010,55,2,245.06,23.6
2573,148,99,4,283.06,40.3
2574,1085,77,1,822.6,95.5
2575,719,95,2,59.62,78.4
2576,78,11,3,520.17,4.7
2577,576,19,3,684.6,6.4
2578,343,62,5,48.69,23.0
2579,893,84,1,725.0,29.1
2580,563,2,2,819.44,2.2
2581,684,112,2,340.38,12.0
2582,996,14,3,238.79,0.5
2583,502,75,4,41.61,14.5
2584,548,120,4,571.53,13.6
2585,682,96,3,563.53,59.9
2586,314,91,3,370.85,27.8
2587,315,103,1,157.79,88.1
2588,732,42,2,503.59,20.2
2589,930,44,5,129.19,11.6
2590,854,34,5,336.85,15.4
2591,591,96,4,507.25,0.7
2592,985,107,5,628.79,18.2
2593,133,59,3,66.33,20.6
2594,613,13,5,703.77,20.2
2595,880,118,5,164.17,22.8
2596,1060,100,5,430.9,13.0
2597,777,100,1,435.86,9.1
2598,540,84,2,576.59,29.5
2599,885,69,4,96.15,24.0
2600,358,19,5,242.74,26.9
